10000.00000,9999.99981,9999.99691,9999.98436,9999.95057,9999.87932,9999.74976,9999.53640,9999.20912,9998.73316,9998.06913,9997.17301,9995.99615,9994.48524,9992.58237,9990.22497,9987.34585,9983.87318,9979.73050,9974.83671,9969.10608,9962.44825,9954.76821,9945.96634,9935.93837,9924.57540,9911.76388,9897.38566,9881.31792,9863.43324,9843.59954,9821.68011,9797.53362,9771.01409,9741.97091,9710.24884,9675.68801,9638.12390,9597.38737,9553.30465,9505.69731,9454.38232,9399.17199,9339.87401,9276.29144,9208.22267,9135.46151,9057.79710,8975.01395,8886.89194,8793.20633,8693.72772,8588.22209,8476.45080,8358.17053,8233.13339,8101.08680,7961.77357,7814.93188,7660.29527,7497.59264,7326.54827,7146.88180,6958.30822,6760.53791,6553.27660,6336.22539,6109.08076,5871.53452,5623.27390,5363.98143,5093.33507,4811.00811,4516.66920,4209.98238,3890.60704,3558.19795,3212.40522,2852.87435,2479.24620,2091.15700
10100.00000,10099.99980,10099.99687,10099.98416,10099.94994,10099.87779,10099.74660,10099.53054,10099.19912,10098.71714,10098.04472,10097.13727,10095.94552,10094.41551,10092.48858,10090.10138,10087.18585,10083.66927,10079.47421,10074.51854,10068.71546,10061.97344,10054.19630,10045.28314,10035.12837,10023.62172,10010.64822,9996.08820,9979.81730,9961.70648,9941.62200,9919.42542,9894.97362,9868.11877,9838.70837,9806.58520,9771.58738,9733.54831,9692.29671,9647.65660,9599.44731,9547.48349,9491.57508,9431.52733,9367.14081,9298.21138,9224.53022,9145.88381,9062.05395,8972.81772,8877.94754,8777.21112,8670.37147,8557.18693,8437.41112,8310.79299,8177.07680,8036.00208,7887.30372,7730.71187,7565.95202,7392.74495,7210.80676,7019.84884,6819.57791,6609.69597,6389.90035,6159.88368,5919.33390,5667.93424,5405.36327,5131.29484,4845.39811,4547.33756,4236.77297,3913.35942,3576.74732,3226.58236,2862.50556,2484.15323,2091.15700
10200.00000,10199.99980,10199.99683,10199.98396,10199.94932,10199.87627,10199.74343,10199.52467,10199.18912,10198.70112,10198.02030,10197.10152,10195.89490,10194.34578,10192.39479,10189.97778,10187.02585,10183.46536,10179.21792,10174.20038,10168.32483,10161.49864,10153.62439,10144.59993,10134.31837,10122.66805,10109.53255,10094.79073,10078.31667,10059.97972,10039.64446,10017.17073,9992.41362,9965.22346,9935.44583,9902.92157,9867.48676,9828.97272,9787.20604,9742.00855,9693.19731,9640.58466,9583.97817,9523.18065,9457.99019,9388.20009,9313.59893,9233.97053,9149.09395,9058.74350,8962.68875,8860.69451,8752.52084,8637.92306,8516.65171,8388.45260,8253.06680,8110.23060,7959.67555,7801.12847,7634.31139,7458.94163,7274.73172,7081.38946,6878.61791,6666.11534,6443.57531,6210.68661,5967.13327,5712.59459,5446.74511,5169.25460,4879.78811,4578.00591,4263.56355,3936.11180,3595.29670,3240.75951,2872.13677,2489.06026,2091.15700
10300.00000,10299.99980,10299.99679,10299.98377,10299.94869,10299.87474,10299.74027,10299.51881,10299.17912,10298.68510,10297.99589,10297.06578,10295.84427,10294.27606,10292.30100,10289.85418,10286.86585,10283.26146,10278.96163,10273.88221,10267.93421,10261.02383,10253.05247,10243.91673,10233.50837,10221.71437,10208.41689,10193.49327,10176.81605,10158.25296,10137.66692,10114.91604,10089.85362,10062.32814,10032.18329,9999.25793,9963.38613,9924.39713,9882.11538,9836.36050,9786.94731,9733.68583,9676.38125,9614.83397,9548.83956,9478.18880,9402.66764,9322.05725,9236.13395,9144.66928,9047.42996,8944.17791,8834.67022,8718.65919,8595.89229,8466.11221,8329.05680,8184.45911,8032.04739,7871.54507,7702.67077,7525.13831,7338.65668,7142.93009,6937.65791,6722.53471,6497.25027,6261.48954,6014.93265,5757.25494,5488.12694,5207.21436,4914.17811,4608.67427,4290.35414,3958.86418,3613.84607,3254.93666,2881.76798,2493.96729,2091.15700
10400.00000,10399.99980,10399.99675,10399.98357,10399.94807,10399.87322,10399.73710,10399.51295,10399.16912,10398.66908,10397.97147,10397.03003,10395.79365,10394.20633,10392.20721,10389.73059,10386.70585,10383.05755,10378.70534,10373.56404,10367.54358,10360.54902,10352.48056,10343.23352,10332.69837,10320.76070,10307.30122,10292.19580,10275.31542,10256.52620,10235.68938,10212.66135,10187.29362,10159.43283,10128.92075,10095.59430,10059.28551,10019.82155,9977.02472,9930.71245,9880.69731,9826.78700,9768.78434,9706.48729,9639.68894,9568.17751,9491.73635,9410.14396,9323.17395,9230.59506,9132.17117,9027.66130,8916.81959,8799.39532,8675.13288,8543.77181,8405.04680,8258.68762,8104.41922,7941.96167,7771.03014,7591.33498,7402.58164,7204.47071,6996.69791,6778.95409,6550.92523,6312.29246,6062.73202,5801.91529,5529.50878,5245.17413,4948.56811,4639.34263,4317.14472,3981.61656,3632.39545,3269.11380,2891.39920,2498.87432,2091.15700
10500.00000,10499.99979,10499.99672,10499.98337,10499.94744,10499.87169,10499.73394,10499.50709,10499.15912,10498.65307,10497.94706,10496.99429,10495.74302,10494.13660,10492.11342,10489.60699,10486.54585,10482.85364,10478.44906,10473.24588,10467.15296,10460.07421,10451.90864,10442.55032,10431.88837,10419.80702,10406.18556,10390.89834,10373.81480,10354.79944,10333.71184,10310.40666,10284.73362,10256.53751,10225.65821,10191.93066,10155.18488,10115.24596,10071.93405,10025.06440,9974.44731,9919.88817,9861.18742,9798.14060,9730.53831,9658.16622,9580.80506,9498.23068,9410.21395,9316.52084,9216.91238,9111.14470,8998.96897,8880.13145,8754.37346,8621.43142,8481.03680,8332.91613,8176.79106,8012.37827,7839.38952,7657.53166,7466.50660,7266.01133,7055.73791,6835.37346,6604.60020,6363.09539,6110.53140,5846.57564,5570.89061,5283.13389,4982.95811,4670.01099,4343.93531,4004.36894,3650.94482,3283.29095,2901.03041,2503.78135,2091.15700
10600.00000,10599.99979,10599.99668,10599.98317,10599.94682,10599.87017,10599.73077,10599.50123,10599.14912,10598.63705,10597.92265,10596.95855,10595.69240,10594.06687,10592.01964,10589.48339,10586.38585,10582.64973,10578.19277,10572.92771,10566.76233,10559.59941,10551.33673,10541.86711,10531.07837,10518.85335,10505.06990,10489.60088,10472.31417,10453.07268,10431.73431,10408.15197,10382.17362,10353.64220,10322.39567,10288.26703,10251.08426,10210.67037,10166.84339,10119.41635,10068.19731,10012.98934,9953.59051,9889.79392,9821.38769,9748.15492,9669.87378,9586.31739,9497.25395,9402.44662,9301.65359,9194.62810,9081.11834,8960.86758,8833.61405,8699.09103,8557.02680,8407.14465,8249.16290,8082.79487,7907.74889,7723.72834,7530.43156,7327.55195,7114.77791,6891.79283,6658.27516,6413.89832,6158.33077,5891.23599,5612.27245,5321.09365,5017.34811,4700.67934,4370.72590,4027.12132,3669.49420,3297.46809,2910.66162,2508.68838,2091.15700
10700.00000,10699.99979,10699.99664,10699.98298,10699.94619,10699.86864,10699.72761,10699.49537,10699.13912,10698.62103,10697.89823,10696.92280,10695.64177,10693.99714,10691.92585,10689.35980,10686.22585,10682.44582,10677.93648,10672.60955,10666.37171,10659.12460,10650.76482,10641.18391,10630.26837,10617.89968,10603.95423,10588.30341,10570.81355,10551.34592,10529.75677,10505.89728,10479.61362,10450.74688,10419.13313,10384.60339,10346.98363,10306.09478,10261.75272,10213.76830,10161.94731,10106.09051,10045.99360,9981.44724,9912.23706,9838.14363,9758.94249,9674.40411,9584.29395,9488.37239,9386.39481,9278.11149,9163.26772,9041.60371,8912.85464,8776.75064,8633.01680,8481.37316,8321.53473,8153.21146,7976.10827,7789.92502,7594.35652,7389.09258,7173.81791,6948.21221,6711.95012,6464.70125,6206.13015,5935.89634,5653.65429,5359.05342,5051.73811,4731.34770,4397.51648,4049.87370,3688.04357,3311.64524,2920.29283,2513.59541,2091.15700
10800.00000,10799.99979,10799.99660,10799.98278,10799.94557,10799.86711,10799.72445,10799.48950,10799.12912,10798.60501,10797.87382,10796.88706,10795.59115,10793.92741,10791.83206,10789.23620,10786.06585,10782.24191,10777.68019,10772.29138,10765.98108,10758.64979,10750.19290,10740.50070,10729.45837,10716.94600,10702.83857,10687.00595,10669.31292,10649.61916,10627.77923,10603.64259,10577.05362,10547.85157,10515.87060,10480.93976,10442.88301,10401.51919,10356.66206,10308.12025,10255.69731,10199.19168,10138.39668,10073.10056,10003.08644,9928.13234,9848.01120,9762.49083,9671.33395,9574.29817,9471.13602,9361.59489,9245.41709,9122.33984,8992.09522,8854.41024,8709.00680,8555.60167,8393.90657,8223.62806,8044.46764,7856.12169,7658.28149,7450.63320,7232.85791,7004.63158,6765.62508,6515.50417,6253.92952,5980.55669,5695.03612,5397.01318,5086.12811,4762.01606,4424.30707,4072.62609,3706.59295,3325.82239,2929.92404,2518.50243,2091.15700
10900.00000,10899.99978,10899.99656,10899.98258,10899.94494,10899.86559,10899.72128,10899.48364,10899.11912,10898.58899,10897.84940,10896.85131,10895.54052,10893.85768,10891.73827,10889.11261,10885.90585,10882.03800,10877.42390,10871.97321,10865.59046,10858.17499,10849.62099,10839.81749,10828.64837,10815.99233,10801.72290,10785.70849,10767.81230,10747.89240,10725.80169,10701.38790,10674.49362,10644.95625,10612.60806,10577.27612,10538.78238,10496.94360,10451.57140,10402.47220,10349.44731,10292.29285,10230.79977,10164.75388,10093.93581,10018.12105,9937.07991,9850.57754,9758.37395,9660.22395,9555.87723,9445.07828,9327.56647,9203.07597,9071.33581,8932.06985,8784.99680,8629.83019,8466.27840,8294.04466,8112.82702,7922.31837,7722.20645,7512.17382,7291.89791,7061.05095,6819.30004,6566.30710,6301.72890,6025.21704,5736.41796,5434.97294,5120.51811,4792.68441,4451.09765,4095.37847,3725.14232,3339.99953,2939.55525,2523.40946,2091.15700
11000.00000,10999.99978,10999.99652,10999.98238,10999.94432,10999.86406,10999.71812,10999.47778,10999.10912,10998.57298,10997.82499,10996.81557,10995.48990,10993.78795,10991.64448,10988.98901,10985.74585,10981.83409,10977.16761,10971.65505,10965.19983,10957.70018,10949.04907,10939.13429,10927.83837,10915.03865,10900.60724,10884.41102,10866.31167,10846.16564,10823.82415,10799.13321,10771.93362,10742.06094,10709.34552,10673.61249,10634.68176,10592.36801,10546.48073,10496.82415,10443.19731,10385.39402,10323.20285,10256.40719,10184.78519,10108.10976,10026.14862,9938.66426,9845.41395,9746.14973,9640.61844,9528.56168,9409.71584,9283.81210,9150.57639,9009.72946,8860.98680,8704.05870,8538.65024,8364.46126,8181.18639,7988.51505,7786.13141,7573.71444,7350.93791,7117.47032,6872.97500,6617.11003,6349.52827,6069.87739,5777.79979,5472.93271,5154.90811,4823.35277,4477.88824,4118.13085,3743.69170,3354.17668,2949.18646,2528.31649,2091.15700
11100.00000,11099.99978,11099.99648,11099.98218,11099.94369,11099.86254,11099.71495,11099.47192,11099.09912,11098.55696,11097.80058,11096.77982,11095.43927,11093.71822,11091.55069,11088.86541,11085.58585,11081.63019,11076.91132,11071.33688,11064.80921,11057.22537,11048.47716,11038.45108,11027.02837,11014.08498,10999.49158,10983.11356,10964.81105,10944.43888,10921.84661,10896.87852,10869.37362,10839.16562,10806.08298,10769.94885,10730.58113,10687.79243,10641.39007,10591.17610,10536.94731,10478.49519,10415.60594,10348.06051,10275.63456,10198.09847,10115.21733,10026.75098,9932.45395,9832.07551,9725.35965,9612.04508,9491.86522,9364.54823,9229.81698,9087.38906,8936.97680,8778.28721,8611.02208,8434.87786,8249.54577,8054.71172,7850.05637,7635.25507,7409.97791,7173.88970,6926.64996,6667.91296,6397.32765,6114.53774,5819.18163,5510.89247,5189.29811,4854.02113,4504.67883,4140.88323,3762.24107,3368.35382,2958.81767,2533.22352,2091.15700
11200.00000,11199.99978,11199.99644,11199.98199,11199.94307,11199.86101,11199.71179,11199.46606,11199.08912,11198.54094,11197.77616,11196.74408,11195.38865,11193.64849,11191.45690,11188.74182,11185.42585,11181.42628,11176.65503,11171.01871,11164.41858,11156.75056,11147.90525,11137.76788,11126.21837,11113.13130,11098.37591,11081.81610,11063.31042,11042.71212,11019.86907,10994.62383,10966.81362,10936.27031,10902.82044,10866.28522,10826.48051,10783.21684,10736.29940,10685.52806,10630.69731,10571.59635,10508.00903,10439.71383,10366.48394,10288.08717,10204.28604,10114.83769,10019.49395,9918.00129,9810.10086,9695.52847,9574.01459,9445.28436,9309.05757,9165.04867,9012.96680,8852.51573,8683.39391,8505.29446,8317.90514,8120.90840,7913.98133,7696.79569,7469.01791,7230.30907,6980.32492,6718.71588,6445.12702,6159.19808,5860.56347,5548.85223,5223.68811,4884.68948,4531.46941,4163.63561,3780.79045,3382.53097,2968.44888,2538.13055,2091.15700
11300.00000,11299.99978,11299.99640,11299.98179,11299.94244,11299.85948,11299.70863,11299.46019,11299.07912,11298.52492,11297.75175,11296.70833,11295.33802,11293.57877,11291.36311,11288.61822,11285.26585,11281.22237,11276.39874,11270.70055,11264.02796,11256.27576,11247.33333,11237.08467,11225.40837,11212.17763,11197.26025,11180.51863,11161.80980,11140.98536,11117.89153,11092.36914,11064.25362,11033.37499,10999.55790,10962.62158,10922.37988,10878.64125,10831.20874,10779.88001,10724.44731,10664.69752,10600.41211,10531.36715,10457.33331,10378.07588,10293.35475,10202.92441,10106.53395,10003.92707,9894.84207,9779.01187,9656.16397,9526.02049,9388.29815,9242.70828,9088.95680,8926.74424,8755.76575,8575.71106,8386.26452,8187.10508,7977.90629,7758.33631,7528.05791,7286.72844,7033.99988,6769.51881,6492.92640,6203.85843,5901.94530,5586.81199,5258.07811,4915.35784,4558.26000,4186.38799,3799.33982,3396.70812,2978.08009,2543.03758,2091.15700
11400.00000,11399.99977,11399.99636,11399.98159,11399.94182,11399.85796,11399.70546,11399.45433,11399.06912,11398.50890,11397.72733,11396.67259,11395.28740,11393.50904,11391.26932,11388.49462,11385.10585,11381.01846,11376.14245,11370.38238,11363.63733,11355.80095,11346.76142,11336.40147,11324.59837,11311.22396,11296.14458,11279.22117,11260.30917,11239.25860,11215.91399,11190.11445,11161.69362,11130.47968,11096.29536,11058.95795,11018.27926,10974.06566,10926.11807,10874.23196,10818.19731,10757.79869,10692.81520,10623.02046,10548.18269,10468.06459,10382.42346,10291.01113,10193.57395,10089.85285,9979.58328,9862.49526,9738.31334,9606.75662,9467.53874,9320.36788,9164.94680,9000.97275,8828.13758,8646.12766,8454.62389,8253.30176,8041.83125,7819.87694,7587.09791,7343.14781,7087.67484,6820.32174,6540.72577,6248.51878,5943.32714,5624.77176,5292.46811,4946.02620,4585.05058,4209.14037,3817.88920,3410.88526,2987.71131,2547.94461,2091.15700
11500.00000,11499.99977,11499.99632,11499.98139,11499.94119,11499.85643,11499.70230,11499.44847,11499.05912,11498.49289,11497.70292,11496.63684,11495.23677,11493.43931,11491.17553,11488.37103,11484.94585,11480.81455,11475.88616,11470.06421,11463.24671,11455.32614,11446.18950,11435.71826,11423.78837,11410.27028,11395.02892,11377.92371,11358.80855,11337.53184,11313.93645,11287.85976,11259.13362,11227.58436,11193.03282,11155.29431,11114.17863,11069.49007,11021.02741,10968.58391,10911.94731,10850.89986,10785.21828,10714.67378,10639.03206,10558.05330,10471.49217,10379.09784,10280.61395,10175.77862,10064.32449,9945.97866,9820.46272,9687.49275,9546.77932,9398.02749,9240.93680,9075.20127,8900.50942,8716.54426,8522.98327,8319.49843,8105.75621,7881.41756,7646.13791,7399.56719,7141.34980,6871.12466,6588.52515,6293.17913,5984.70897,5662.73152,5326.85811,4976.69455,4611.84117,4231.89275,3836.43857,3425.06241,2997.34252,2552.85164,2091.15700
11600.00000,11599.99977,11599.99629,11599.98120,11599.94057,11599.85491,11599.69913,11599.44261,11599.04912,11598.47687,11597.67851,11596.60110,11595.18615,11593.36958,11591.08175,11588.24743,11584.78585,11580.61064,11575.62988,11569.74605,11562.85608,11554.85134,11545.61759,11535.03506,11522.97837,11509.31661,11493.91326,11476.62624,11457.30792,11435.80508,11411.95892,11385.60507,11356.57362,11324.68905,11289.77028,11251.63068,11210.07801,11164.91448,11115.93675,11062.93586,11005.69731,10944.00103,10877.62137,10806.32710,10729.88144,10648.04201,10560.56089,10467.18456,10367.65395,10261.70440,10149.06570,10029.46206,9902.61209,9768.22888,9626.01991,9475.68710,9316.92680,9149.42978,8972.88126,8786.96086,8591.34264,8385.69511,8169.68117,7942.95818,7705.17791,7455.98656,7195.02477,6921.92759,6636.32452,6337.83948,6026.09081,5700.69128,5361.24811,5007.36291,4638.63176,4254.64513,3854.98795,3439.23955,3006.97373,2557.75867,2091.15700
11700.00000,11699.99977,11699.99625,11699.98100,11699.93994,11699.85338,11699.69597,11699.43675,11699.03912,11698.46085,11697.65409,11696.56535,11695.13552,11693.29985,11690.98796,11688.12384,11684.62585,11680.40673,11675.37359,11669.42788,11662.46546,11654.37653,11645.04568,11634.35185,11622.16837,11608.36293,11592.79759,11575.32878,11555.80730,11534.07832,11509.98138,11483.35038,11454.01362,11421.79373,11386.50774,11347.96704,11305.97738,11260.33890,11210.84608,11157.28781,11099.44731,11037.10220,10970.02445,10897.98042,10820.73081,10738.03072,10649.62960,10555.27127,10454.69395,10347.63018,10233.80692,10112.94545,9984.76147,9848.96501,9705.26050,9553.34670,9392.91680,9223.65829,9045.25309,8857.37746,8659.70202,8451.89179,8233.60613,8004.49880,7764.21791,7512.40593,7248.69973,6972.73052,6684.12390,6382.49983,6067.47265,5738.65105,5395.63811,5038.03127,4665.42234,4277.39751,3873.53732,3453.41670,3016.60494,2562.66569,2091.15700
11800.00000,11799.99976,11799.99621,11799.98080,11799.93932,11799.85185,11799.69281,11799.43089,11799.02912,11798.44483,11797.62968,11796.52961,11795.08490,11793.23012,11790.89417,11788.00024,11784.46585,11780.20283,11775.11730,11769.10971,11762.07483,11753.90172,11744.47376,11733.66864,11721.35837,11707.40926,11691.68193,11674.03132,11654.30667,11632.35156,11608.00384,11581.09569,11551.45362,11518.89842,11483.24520,11444.30341,11401.87676,11355.76331,11305.75542,11251.63976,11193.19731,11130.20337,11062.42754,10989.63374,10911.58019,10828.01943,10738.69831,10643.35799,10541.73395,10433.55596,10318.54813,10196.42885,10066.91084,9929.70114,9784.50108,9631.00631,9468.90680,9297.88681,9117.62493,8927.79405,8728.06139,8518.08847,8297.53110,8066.03943,7823.25791,7568.82530,7302.37469,7023.53345,6731.92327,6427.16018,6108.85448,5776.61081,5430.02811,5068.69963,4692.21293,4300.14989,3892.08670,3467.59385,3026.23615,2567.57272,2091.15700
11900.00000,11899.99976,11899.99617,11899.98060,11899.93869,11899.85033,11899.68964,11899.42502,11899.01912,11898.42881,11897.60526,11896.49387,11895.03427,11893.16039,11890.80038,11887.87664,11884.30585,11879.99892,11874.86101,11868.79155,11861.68421,11853.42691,11843.90185,11832.98544,11820.54837,11806.45558,11790.56626,11772.73385,11752.80605,11730.62480,11706.02630,11678.84100,11648.89362,11616.00310,11579.98267,11540.63977,11497.77613,11451.18772,11400.66475,11345.99171,11286.94731,11223.30454,11154.83063,11081.28705,11002.42956,10918.00813,10827.76702,10731.44471,10628.77395,10519.48174,10403.28934,10279.91224,10149.06022,10010.43727,9863.74167,9708.66592,9544.89680,9372.11532,9189.99676,8998.21065,8796.42077,8584.28514,8361.45606,8127.58005,7882.29791,7625.24468,7356.04965,7074.33637,6779.72265,6471.82053,6150.23632,5814.57057,5464.41811,5099.36798,4719.00351,4322.90227,3910.63607,3481.77099,3035.86736,2572.47975,2091.15700
12000.00000,11999.99976,11999.99613,11999.98040,11999.93807,11999.84880,11999.68648,11999.41916,11999.00912,11998.41279,11997.58085,11996.45812,11994.98365,11993.09066,11990.70659,11987.75305,11984.14585,11979.79501,11974.60472,11968.47338,11961.29358,11952.95211,11943.32993,11932.30223,11919.73837,11905.50191,11889.45060,11871.43639,11851.30542,11828.89804,11804.04876,11776.58631,11746.33362,11713.10779,11676.72013,11636.97613,11593.67551,11546.61213,11495.57409,11440.34366,11380.69731,11316.40571,11247.23371,11172.94037,11093.27894,11007.99684,10916.83573,10819.53142,10715.81395,10605.40752,10488.03055,10363.39564,10231.20959,10091.17340,9942.98225,9786.32553,9620.88680,9446.34383,9262.36860,9068.62725,8864.78014,8650.48182,8425.38102,8189.12067,7941.33791,7681.66405,7409.72461,7125.13930,6827.52202,6516.48088,6191.61815,5852.53034,5498.80811,5130.03634,4745.79410,4345.65465,3929.18545,3495.94814,3045.49857,2577.38678,2091.15700
12100.00000,12099.99976,12099.99609,12099.98021,12099.93744,12099.84728,12099.68331,12099.41330,12098.99912,12098.39678,12097.55643,12096.42238,12094.93302,12093.02093,12090.61280,12087.62945,12083.98585,12079.59110,12074.34843,12068.15521,12060.90296,12052.47730,12042.75802,12031.61903,12018.92837,12004.54823,11988.33494,11970.13893,11949.80480,11927.17128,11902.07122,11874.33162,11843.77362,11810.21247,11773.45759,11733.31250,11689.57488,11642.03654,11590.48343,11534.69561,11474.44731,11409.50688,11339.63680,11264.59369,11184.12831,11097.98555,11005.90444,10907.61814,10802.85395,10691.33330,10572.77176,10446.87904,10313.35897,10171.90953,10022.22284,9863.98513,9696.87680,9520.57235,9334.74044,9139.04385,8933.13952,8716.67850,8489.30598,8250.66129,8000.37791,7738.08342,7463.39957,7175.94223,6875.32140,6561.14123,6232.99999,5890.49010,5533.19811,5160.70470,4772.58469,4368.40703,3947.73482,3510.12528,3055.12978,2582.29381,2091.15700
12200.00000,12199.99975,12199.99605,12199.98001,12199.93682,12199.84575,12199.68015,12199.40744,12198.98912,12198.38076,12197.53202,12196.38663,12194.88240,12192.95120,12190.51901,12187.50586,12183.82585,12179.38719,12174.09214,12167.83705,12160.51233,12152.00249,12142.18611,12130.93582,12118.11837,12103.59456,12087.21927,12068.84146,12048.30417,12025.44452,12000.09368,11972.07693,11941.21362,11907.31716,11870.19505,11829.64886,11785.47426,11737.46095,11685.39276,11629.04756,11568.19731,11502.60805,11432.03988,11356.24701,11274.97769,11187.97426,11094.97315,10995.70486,10889.89395,10777.25908,10657.51297,10530.36243,10395.50834,10252.64566,10101.46342,9941.64474,9772.86680,9594.80086,9407.11227,9209.46045,9001.49889,8782.87517,8553.23094,8312.20192,8059.41791,7794.50279,7517.07453,7226.74515,6923.12077,6605.80158,6274.38183,5928.44986,5567.58811,5191.37305,4799.37527,4391.15941,3966.28420,3524.30243,3064.76099,2587.20084,2091.15700
12300.00000,12299.99975,12299.99601,12299.97981,12299.93619,12299.84423,12299.67699,12299.40158,12298.97912,12298.36474,12297.50761,12296.35089,12294.83177,12292.88148,12290.42522,12287.38226,12283.66585,12279.18328,12273.83585,12267.51888,12260.12171,12251.52769,12241.61419,12230.25262,12217.30837,12202.64089,12186.10361,12167.54400,12146.80355,12123.71776,12098.11614,12069.82224,12038.65362,12004.42184,11966.93251,11925.98523,11881.37363,11832.88537,11780.30210,11723.39951,11661.94731,11595.70922,11524.44297,11447.90033,11365.82706,11277.96297,11184.04186,11083.79157,10976.93395,10863.18486,10742.25418,10613.84583,10477.65772,10333.38179,10180.70401,10019.30435,9848.85680,9669.02937,9479.48411,9279.87705,9069.85827,8849.07185,8617.15590,8373.74254,8118.45791,7850.92217,7570.74949,7277.54808,6970.92015,6650.46193,6315.76366,5966.40963,5601.97811,5222.04141,4826.16586,4413.91179,3984.83357,3538.47958,3074.39220,2592.10787,2091.15700
12400.00000,12399.99975,12399.99597,12399.97961,12399.93557,12399.84270,12399.67382,12399.39571,12398.96912,12398.34872,12397.48319,12396.31514,12394.78115,12392.81175,12390.33143,12387.25866,12383.50585,12378.97937,12373.57956,12367.20071,12359.73108,12351.05288,12341.04228,12329.56941,12316.49837,12301.68721,12284.98794,12266.24654,12245.30292,12221.99100,12196.13860,12167.56755,12136.09362,12101.52653,12063.66997,12022.32159,11977.27301,11928.30978,11875.21143,11817.75146,11755.69731,11688.81039,11616.84606,11539.55364,11456.67644,11367.95168,11273.11057,11171.87829,11063.97395,10949.11063,10826.99539,10697.32922,10559.80709,10414.11792,10259.94460,10096.96395,9924.84680,9743.25789,9551.85594,9350.29365,9138.21764,8915.26853,8681.08086,8435.28316,8177.49791,7907.34154,7624.42445,7328.35101,7018.71952,6695.12227,6357.14550,6004.36939,5636.36811,5252.70977,4852.95644,4436.66417,4003.38295,3552.65672,3084.02341,2597.01490,2091.15700
12500.00000,12499.99975,12499.99593,12499.97942,12499.93494,12499.84117,12499.67066,12499.38985,12498.95912,12498.33270,12497.45878,12496.27940,12494.73052,12492.74202,12490.23764,12487.13507,12483.34585,12478.77546,12473.32327,12466.88255,12459.34046,12450.57807,12440.47036,12428.88621,12415.68837,12400.73354,12383.87228,12364.94907,12343.80230,12320.26424,12294.16106,12265.31286,12233.53362,12198.63121,12160.40743,12118.65796,12073.17238,12023.73419,11970.12077,11912.10341,11849.44731,11781.91156,11709.24914,11631.20696,11547.52581,11457.94039,11362.17928,11259.96500,11151.01395,11035.03641,10911.73660,10780.81262,10641.95647,10494.85405,10339.18518,10174.62356,10000.83680,9817.48640,9624.22778,9420.71025,9206.57702,8981.46521,8745.00582,8496.82378,8236.53791,7963.76091,7678.09941,7379.15394,7066.51890,6739.78262,6398.52733,6042.32915,5670.75811,5283.37812,4879.74703,4459.41655,4021.93232,3566.83387,3093.65463,2601.92192,2091.15700
12600.00000,12599.99974,12599.99589,12599.97922,12599.93432,12599.83965,12599.66749,12599.38399,12598.94912,12598.31669,12597.43436,12596.24365,12594.67990,12592.67229,12590.14385,12587.01147,12583.18585,12578.57156,12573.06698,12566.56438,12558.94983,12550.10326,12539.89845,12528.20300,12514.87837,12499.77986,12482.75662,12463.65161,12442.30167,12418.53748,12392.18352,12363.05817,12330.97362,12295.73590,12257.14489,12214.99432,12169.07176,12119.15860,12065.03011,12006.45536,11943.19731,11875.01273,11801.65223,11722.86028,11638.37519,11547.92909,11451.24799,11348.05172,11238.05395,11120.96219,10996.47781,10864.29602,10724.10584,10575.59018,10418.42577,10252.28317,10076.82680,9891.71491,9696.59961,9491.12685,9274.93639,9047.66188,8808.93078,8558.36441,8295.57791,8020.18028,7731.77438,7429.95686,7114.31827,6784.44297,6439.90917,6080.28892,5705.14811,5314.04648,4906.53761,4482.16893,4040.48170,3581.01101,3103.28584,2606.82895,2091.15700
12700.00000,12699.99974,12699.99586,12699.97902,12699.93369,12699.83812,12699.66433,12699.37813,12698.93912,12698.30067,12697.40995,12696.20791,12694.62927,12692.60256,12690.05007,12686.88787,12683.02585,12678.36765,12672.81070,12666.24622,12658.55921,12649.62846,12639.32654,12627.51979,12614.06837,12598.82619,12581.64095,12562.35415,12540.80105,12516.81072,12490.20599,12460.80348,12428.41362,12392.84058,12353.88235,12311.33069,12264.97113,12214.58301,12159.93944,12100.80732,12036.94731,11968.11390,11894.05531,11814.51360,11729.22456,11637.91780,11540.31671,11436.13844,11325.09395,11206.88797,11081.21902,10947.77941,10806.25522,10656.32632,10497.66635,10329.94277,10152.81680,9965.94342,9768.97145,9561.54345,9343.29577,9113.85856,8872.85574,8619.90503,8354.61791,8076.59966,7785.44934,7480.75979,7162.11765,6829.10332,6481.29101,6118.24868,5739.53811,5344.71484,4933.32820,4504.92131,4059.03107,3595.18816,3112.91705,2611.73598,2091.15700
12800.00000,12799.99974,12799.99582,12799.97882,12799.93307,12799.83660,12799.66117,12799.37227,12798.92912,12798.28465,12797.38554,12796.17216,12794.57865,12792.53283,12789.95628,12786.76428,12782.86585,12778.16374,12772.55441,12765.92805,12758.16858,12749.15365,12738.75462,12726.83659,12713.25837,12697.87251,12680.52529,12661.05668,12639.30042,12615.08396,12588.22845,12558.54879,12525.85362,12489.94527,12450.61981,12407.66705,12360.87051,12310.00742,12254.84878,12195.15927,12130.69731,12061.21507,11986.45840,11906.16692,11820.07394,11727.90651,11629.38542,11524.22515,11412.13395,11292.81375,11165.96024,11031.26281,10888.40459,10737.06245,10576.90694,10407.60238,10228.80680,10040.17194,9841.34329,9631.96005,9411.65514,9180.05524,8936.78070,8681.44565,8413.65791,8133.01903,7839.12430,7531.56272,7209.91702,6873.76367,6522.67284,6156.20844,5773.92811,5375.38319,4960.11879,4527.67369,4077.58045,3609.36531,3122.54826,2616.64301,2091.15700
12900.00000,12899.99974,12899.99578,12899.97863,12899.93244,12899.83507,12899.65800,12899.36641,12898.91912,12898.26863,12897.36112,12896.13642,12894.52802,12892.46310,12889.86249,12886.64068,12882.70585,12877.95983,12872.29812,12865.60988,12857.77796,12848.67884,12838.18271,12826.15338,12812.44837,12796.91884,12779.40962,12759.75922,12737.79980,12713.35720,12686.25091,12656.29410,12623.29362,12587.04995,12547.35727,12504.00342,12456.76988,12405.43184,12349.75811,12289.51122,12224.44731,12154.31624,12078.86149,11997.82023,11910.92331,11817.89522,11718.45413,11612.31187,11499.17395,11378.73953,11250.70145,11114.74620,10970.55397,10817.79858,10656.14753,10485.26199,10304.79680,10114.40045,9913.71512,9702.37664,9480.01452,9246.25191,9000.70567,8742.98627,8472.69791,8189.43840,7892.79926,7582.36565,7257.71640,6918.42402,6564.05468,6194.16821,5808.31811,5406.05155,4986.90937,4550.42607,4096.12982,3623.54245,3132.17947,2621.55004,2091.15700
13000.00000,12999.99973,12999.99574,12999.97843,12999.93182,12999.83354,12999.65484,12999.36054,12998.90912,12998.25261,12997.33671,12996.10067,12994.47740,12992.39337,12989.76870,12986.51709,12982.54585,12977.75592,12972.04183,12965.29172,12957.38733,12948.20404,12937.61079,12925.47018,12911.63837,12895.96517,12878.29396,12858.46176,12836.29917,12811.63043,12784.27337,12754.03941,12720.73362,12684.15464,12644.09474,12600.33978,12552.66926,12500.85625,12444.66745,12383.86317,12318.19731,12247.41740,12171.26457,12089.47355,12001.77269,11907.88393,11807.52284,11700.39859,11586.21395,11464.66531,11335.44266,11198.22960,11052.70334,10898.53471,10735.38811,10562.92159,10380.78680,10188.62896,9986.08696,9772.79324,9548.37389,9312.44859,9064.63063,8804.52690,8531.73791,8245.85777,7946.47422,7633.16857,7305.51577,6963.08437,6605.43651,6232.12797,5842.70811,5436.71991,5013.69996,4573.17845,4114.67920,3637.71960,3141.81068,2626.45707,2091.15700
13100.00000,13099.99973,13099.99570,13099.97823,13099.93119,13099.83202,13099.65167,13099.35468,13098.89912,13098.23660,13097.31229,13096.06493,13094.42677,13092.32364,13089.67491,13086.39349,13082.38585,13077.55201,13071.78554,13064.97355,13056.99671,13047.72923,13037.03888,13024.78697,13010.82837,12995.01149,12977.17829,12957.16429,12934.79855,12909.90367,12882.29583,12851.78472,12818.17362,12781.25932,12740.83220,12696.67615,12648.56863,12596.28066,12539.57679,12478.21512,12411.94731,12340.51857,12263.66766,12181.12687,12092.62206,11997.87264,11896.59155,11788.48530,11673.25395,11550.59109,11420.18387,11281.71300,11134.85272,10979.27084,10814.62870,10640.58120,10456.77680,10262.85748,10058.45879,9843.20984,9616.73327,9378.64527,9128.55559,8866.06752,8590.77791,8302.27715,8000.14918,7683.97150,7353.31515,7007.74472,6646.81835,6270.08773,5877.09811,5467.38827,5040.49054,4595.93083,4133.22857,3651.89674,3151.44189,2631.36410,2091.15700
13200.00000,13199.99973,13199.99566,13199.97803,13199.93057,13199.83049,13199.64851,13199.34882,13198.88912,13198.22058,13197.28788,13196.02919,13194.37615,13192.25391,13189.58112,13186.26989,13182.22585,13177.34810,13171.52925,13164.65538,13156.60608,13147.25442,13136.46696,13124.10377,13110.01837,13094.05782,13076.06263,13055.86683,13033.29792,13008.17691,12980.31829,12949.53003,12915.61362,12878.36401,12837.56966,12793.01251,12744.46801,12691.70507,12634.48612,12572.56707,12505.69731,12433.61974,12356.07074,12272.78019,12183.47144,12087.86134,11985.66026,11876.57202,11760.29395,11636.51686,11504.92508,11365.19639,11217.00209,11060.00697,10893.86928,10718.24081,10532.76680,10337.08599,10130.83063,9913.62644,9685.09264,9444.84195,9192.48055,8927.60814,8649.81791,8358.69652,8053.82414,7734.77443,7401.11452,7052.40507,6688.20018,6308.04750,5911.48811,5498.05662,5067.28113,4618.68321,4151.77795,3666.07389,3161.07310,2636.27113,2091.15700
13300.00000,13299.99973,13299.99562,13299.97783,13299.92994,13299.82897,13299.64535,13299.34296,13298.87912,13298.20456,13297.26347,13295.99344,13294.32552,13292.18419,13289.48733,13286.14630,13282.06585,13277.14419,13271.27296,13264.33722,13256.21546,13246.77961,13235.89505,13223.42056,13209.20837,13193.10414,13174.94697,13154.56937,13131.79730,13106.45015,13078.34075,13047.27534,13013.05362,12975.46869,12934.30712,12889.34888,12840.36738,12787.12948,12729.39546,12666.91902,12599.44731,12526.72091,12448.47383,12364.43350,12274.32081,12177.85005,12074.72897,11964.65873,11847.33395,11722.44264,11589.66629,11448.67979,11299.15147,11140.74310,10973.10987,10795.90042,10608.75680,10411.31450,10203.20247,9984.04304,9753.45202,9511.03862,9256.40551,8989.14876,8708.85791,8415.11589,8107.49910,7785.57735,7448.91390,7097.06542,6729.58202,6346.00726,5945.87811,5528.72498,5094.07172,4641.43559,4170.32732,3680.25104,3170.70431,2641.17816,2091.15700
13400.00000,13399.99972,13399.99558,13399.97764,13399.92932,13399.82744,13399.64218,13399.33710,13398.86912,13398.18854,13397.23905,13395.95770,13394.27490,13392.11446,13389.39354,13386.02270,13381.90585,13376.94029,13371.01667,13364.01905,13355.82483,13346.30481,13335.32314,13322.73736,13308.39837,13292.15047,13273.83130,13253.27190,13230.29667,13204.72339,13176.36321,13145.02065,13110.49362,13072.57338,13031.04458,12985.68524,12936.26676,12882.55389,12824.30479,12761.27097,12693.19731,12619.82208,12540.87692,12456.08682,12365.17019,12267.83876,12163.79768,12052.74545,11934.37395,11808.36842,11674.40750,11532.16318,11381.30084,11221.47923,11052.35046,10873.56002,10684.74680,10485.54302,10275.57430,10054.45964,9821.81139,9577.23530,9320.33047,9050.68939,8767.89791,8471.53526,8161.17406,7836.38028,7496.71327,7141.72577,6770.96386,6383.96702,5980.26811,5559.39334,5120.86230,4664.18797,4188.87670,3694.42818,3180.33552,2646.08518,2091.15700
13500.00000,13499.99972,13499.99554,13499.97744,13499.92869,13499.82591,13499.63902,13499.33123,13498.85912,13498.17252,13497.21464,13495.92195,13494.22427,13492.04473,13489.29975,13485.89910,13481.74585,13476.73638,13470.76038,13463.70088,13455.43421,13445.83000,13434.75122,13422.05415,13407.58837,13391.19679,13372.71564,13351.97444,13328.79605,13302.99663,13274.38567,13242.76596,13207.93362,13169.67806,13127.78204,13082.02161,13032.16613,12977.97831,12919.21413,12855.62292,12786.94731,12712.92325,12633.28000,12547.74014,12456.01956,12357.82747,12252.86639,12140.83217,12021.41395,11894.29420,11759.14871,11615.64658,11463.45022,11302.21536,11131.59104,10951.21963,10760.73680,10559.77153,10347.94614,10124.87624,9890.17077,9643.43198,9384.25543,9112.23001,8826.93791,8527.95464,8214.84902,7887.18321,7544.51265,7186.38611,6812.34569,6421.92678,6014.65811,5590.06169,5147.65289,4686.94036,4207.42607,3708.60533,3189.96673,2650.99221,2091.15700
13600.00000,13599.99972,13599.99550,13599.97724,13599.92807,13599.82439,13599.63585,13599.32537,13598.84912,13598.15651,13597.19022,13595.88621,13594.17365,13591.97500,13589.20596,13585.77551,13581.58585,13576.53247,13570.50409,13563.38272,13555.04358,13545.35519,13534.17931,13521.37094,13506.77837,13490.24312,13471.59997,13450.67698,13427.29542,13401.26987,13372.40813,13340.51127,13305.37362,13266.78275,13224.51950,13178.35797,13128.06551,13073.40272,13014.12347,12949.97487,12880.69731,12806.02442,12725.68309,12639.39346,12546.86894,12447.81618,12341.93510,12228.91888,12108.45395,11980.21998,11843.88992,11699.12998,11545.59959,11382.95149,11210.83163,11028.87924,10836.72680,10634.00004,10420.31797,10195.29284,9958.53014,9709.62866,9448.18039,9173.77063,8885.97791,8584.37401,8268.52398,7937.98614,7592.31202,7231.04646,6853.72753,6459.88655,6049.04811,5620.73005,5174.44347,4709.69274,4225.97545,3722.78247,3199.59795,2655.89924,2091.15700
13700.00000,13699.99972,13699.99547,13699.97704,13699.92744,13699.82286,13699.63269,13699.31951,13698.83912,13698.14049,13697.16581,13695.85046,13694.12302,13691.90527,13689.11217,13685.65191,13681.42585,13676.32856,13670.24781,13663.06455,13654.65296,13644.88039,13633.60739,13620.68774,13605.96837,13589.28945,13570.48431,13549.37951,13525.79480,13499.54311,13470.43059,13438.25658,13402.81362,13363.88743,13321.25696,13274.69434,13223.96488,13168.82713,13109.03280,13044.32682,12974.44731,12899.12559,12818.08617,12731.04678,12637.71831,12537.80489,12431.00381,12317.00560,12195.49395,12066.14576,11928.63113,11782.61337,11627.74897,11463.68762,11290.07221,11106.53884,10912.71680,10708.22856,10492.68981,10265.70944,10026.88952,9775.82533,9512.10535,9235.31125,8945.01791,8640.79338,8322.19895,7988.78906,7640.11140,7275.70681,6895.10936,6497.84631,6083.43811,5651.39841,5201.23406,4732.44512,4244.52482,3736.95962,3209.22916,2660.80627,2091.15700
13800.00000,13799.99971,13799.99543,13799.97685,13799.92682,13799.82134,13799.62952,13799.31365,13798.82912,13798.12447,13797.14140,13795.81472,13794.07240,13791.83554,13789.01839,13785.52832,13781.26585,13776.12465,13769.99152,13762.74638,13754.26233,13744.40558,13733.03548,13720.00453,13705.15837,13688.33577,13669.36865,13648.08205,13624.29417,13597.81635,13568.45306,13536.00189,13500.25362,13460.99212,13417.99442,13371.03070,13319.86426,13264.25154,13203.94214,13138.67877,13068.19731,12992.22676,12910.48926,12822.70009,12728.56769,12627.79360,12520.07253,12405.09232,12282.53395,12152.07154,12013.37234,11866.09677,11709.89834,11544.42375,11369.31280,11184.19845,10988.70680,10782.45707,10565.06165,10336.12604,10095.24889,9842.02201,9576.03031,9296.85188,9004.05791,8697.21275,8375.87391,8039.59199,7687.91077,7320.36716,6936.49120,6535.80607,6117.82811,5682.06676,5228.02465,4755.19750,4263.07420,3751.13677,3218.86037,2665.71330,2091.15700
13900.00000,13899.99971,13899.99539,13899.97665,13899.92619,13899.81981,13899.62636,13899.30779,13898.81912,13898.10845,13897.11698,13895.77897,13894.02177,13891.76581,13888.92460,13885.40472,13881.10585,13875.92074,13869.73523,13862.42822,13853.87171,13843.93077,13832.46357,13819.32133,13804.34837,13787.38210,13768.25298,13746.78459,13722.79355,13696.08959,13666.47552,13633.74720,13597.69362,13558.09680,13514.73188,13467.36706,13415.76363,13359.67595,13298.85147,13233.03072,13161.94731,13085.32793,13002.89235,12914.35341,12819.41706,12717.78230,12609.14124,12493.17903,12369.57395,12237.99732,12098.11356,11949.58016,11792.04772,11625.15988,11448.55339,11261.85806,11064.69680,10856.68558,10637.43348,10406.54264,10163.60827,9908.21869,9639.95527,9358.39250,9063.09791,8753.63213,8429.54887,8090.39492,7735.71015,7365.02751,6977.87304,6573.76584,6152.21811,5712.73512,5254.81523,4777.94988,4281.62357,3765.31391,3228.49158,2670.62033,2091.15700
14000.00000,13999.99971,13999.99535,13999.97645,13999.92557,13999.81829,13999.62320,13999.30193,13998.80912,13998.09243,13997.09257,13995.74323,13993.97115,13991.69608,13988.83081,13985.28112,13980.94585,13975.71683,13969.47894,13962.11005,13953.48108,13943.45596,13931.89165,13918.63812,13903.53837,13886.42842,13867.13732,13845.48712,13821.29292,13794.36283,13764.49798,13731.49251,13695.13362,13655.20149,13611.46935,13563.70343,13511.66301,13455.10036,13393.76081,13327.38267,13255.69731,13178.42910,13095.29543,13006.00673,12910.26644,12807.77101,12698.20995,12581.26575,12456.61395,12323.92309,12182.85477,12033.06356,11874.19709,11705.89601,11527.79397,11339.51766,11140.68680,10930.91410,10709.80532,10476.95924,10231.96764,9974.41536,9703.88024,9419.93312,9122.13791,8810.05150,8483.22383,8141.19785,7783.50952,7409.68786,7019.25487,6611.72560,6186.60811,5743.40348,5281.60582,4800.70226,4300.17295,3779.49106,3238.12279,2675.52736,2091.15700
