2990886.586085,4942893.172758,1542363.914492,155898.809112,669068.254865,-4584801.362451,-9641041.201718,7093866.080293,-64808.725736,-5628747.431902,-3399764.106752,-1697863.113446,1819094.932263,-121424.099587,90438.359360,4281798.750796,3437775.863576,-117126.571779,3257987.163161,-3273341.200549,1994910.170346,-153020.463638,2978880.104007,-1934611.027838,-9877405.540777,4441703.795361,-2244057.011892,-1653241.775185,3906939.790448,-2406956.955705,2197659.305116,543162.686959,763283.594387,3855022.099193,-5361860.794036,4232007.130322,-1463768.951923,1447941.480497,-5184404.530272,-1583601.622691,5183821.049505,-3844136.971854,4224862.443550,-4937017.853273,5370400.617885,-893096.526308,-1549363.281078,584125.746156,-1421162.107043,598194.913762,-1420202.683140,5476827.789444,-2823376.844463,-3698641.312541,3295267.301565,97342.756136,-481205.370959,-698499.510399,2111646.703450,-2355869.530053,798945.608377,374693.406673,22285.194782,-1297391.114985,2834699.241583,-3689981.728009,2968687.930792,-1890085.465382,3281763.151205,-6309359.745986,6647862.908384,-4212538.051563,1432203.941908,1051016.393144,-303835.488618,-4058458.993984,5755376.170859,-3069537.454059,580971.764768,20702.048154,-9662.677651
3034802.684346,4927181.464023,1539248.564141,136534.612348,645630.599836,-4597197.541953,-9595573.546183,7061922.854963,-60153.953329,-5607621.606410,-3411814.337620,-1695079.966927,1796479.073750,-84506.068668,84658.323160,4299444.693575,3423556.483578,-165408.146562,3279657.228428,-3246264.923924,2002667.153436,-140401.268634,2930880.382045,-1916266.557105,-9893523.097423,4445033.948851,-2227190.480776,-1665498.134065,3875721.772044,-2364264.264092,2190116.956532,554758.166131,755374.413627,3846957.650588,-5341510.502429,4220057.951170,-1420973.052022,1408359.718390,-5222898.006543,-1586777.966616,5197132.709952,-3810451.773649,4229505.254940,-4935868.568773,5375626.354370,-942966.303272,-1530702.537488,599653.016314,-1441396.189059,651761.129161,-1477642.014613,5467149.631811,-2796903.868631,-3662941.055003,3254024.293868,87801.840981,-467979.735668,-680349.938513,2103995.477315,-2395826.257718,848575.069990,355806.633995,25876.586767,-1307220.695789,2845749.936244,-3680057.612912,2934710.089481,-1856682.511242,3258179.195908,-6291987.582588,6642089.688748,-4213351.753031,1426795.091511,1062270.487070,-318157.612267,-4040306.691990,5738570.946594,-3058902.493919,575696.043772,22570.036821,-9955.664219
3038067.635948,4925240.074706,1539074.565849,138356.752012,645872.165141,-4596546.203046,-9596444.050764,7061877.642229,-65039.425790,-5606901.959035,-3410437.386181,-1693046.550870,1790357.783092,-84589.614899,84540.359011,4298917.116476,3425813.933987,-163670.312791,3282114.405161,-3244882.057307,2003072.208637,-141113.048046,2929671.923252,-1916009.885049,-9897116.286245,4448802.959454,-2228597.493273,-1666001.865195,3871661.411918,-2359574.061805,2187738.675455,551536.609770,757129.110111,3851339.994495,-5343619.088086,4222890.187973,-1418389.258479,1409136.493609,-5227945.262298,-1591357.377062,5200202.149140,-3811303.926488,4230501.516853,-4936488.003939,5381389.172649,-948154.677223,-1528703.803543,599183.258688,-1444139.989343,654996.802136,-1479600.033082,5470097.980190,-2801093.088634,-3658471.635596,3251051.831301,87788.279171,-467212.698796,-679941.920004,2103931.884309,-2397170.876365,849604.366051,356071.643279,25403.277121,-1306564.742183,2844007.226935,-3677293.328153,2931996.930527,-1855101.118677,3258195.554703,-6293822.822164,6644850.052227,-4215025.409867,1427022.139925,1062516.222967,-318109.651096,-4041609.779900,5740430.458245,-3059472.290043,575209.049084,22926.465526,-10017.360326
3043119.768136,4921741.561755,1538778.766924,141512.215892,646128.572395,-4594971.209277,-9597349.465207,7061476.762355,-73369.776228,-5605355.555889,-3407906.787011,-1689654.248586,1780057.597089,-84888.390562,84455.483096,4297683.244082,3429476.902369,-160745.952302,3286097.343870,-3242332.482157,2003659.693079,-142414.095406,2927599.800834,-1915637.930882,-9902336.477869,4454784.376349,-2231072.219563,-1666664.327067,3864855.473638,-2351665.658583,2183581.013092,545961.158048,760238.301853,3858417.020646,-5346795.508645,4227336.672958,-1414128.542836,1410430.143137,-5235929.280000,-1599006.640584,5205019.535415,-3812565.805053,4231954.475963,-4937213.537447,5390731.534885,-956812.349702,-1525275.038247,598353.165392,-1448497.952843,660044.730751,-1482510.752792,5474789.735081,-2808260.977755,-3650662.338501,3246095.539643,87518.356467,-465813.521042,-679181.731091,2103584.286080,-2399152.130406,851223.589259,356485.916018,24619.778321,-1305396.433679,2840954.277844,-3672526.753996,2927385.002255,-1852425.137248,3258074.083569,-6296542.049901,6649089.198603,-4217602.830668,1427366.600979,1062800.672063,-317963.377292,-4043551.087560,5743181.068868,-3060245.156960,574376.005226,23512.505647,-10118.493617
3049485.240602,4916347.896339,1538339.122229,146126.922485,646172.548875,-4591846.831213,-9597519.523212,7060257.997469,-85339.854182,-5602539.420272,-3403927.264942,-1684890.087788,1765453.911159,-85584.524626,84539.749679,4295308.088726,3434344.223378,-156612.467630,3291412.147100,-3238214.716918,2004332.249209,-144434.616726,2924562.841641,-1915222.665888,-9908189.040238,4462542.196302,-2234767.869029,-1667236.371450,3855253.048330,-2340420.328549,2177409.738363,537783.724218,764911.681919,3867879.186046,-5350564.256614,4233021.637224,-1408242.947290,1412178.456311,-5246253.643899,-1609744.404663,5211192.826554,-3814011.517610,4233614.495416,-4937667.768271,5403306.645862,-968984.243043,-1520255.953665,597097.763082,-1454199.792241,666486.404361,-1485939.183030,5480918.047775,-2818617.507090,-3639062.308751,3239157.104751,86678.437119,-463634.159226,-677967.786073,2102655.386899,-2401460.437588,853339.420383,356986.103754,23549.034992,-1303622.518982,2836397.526688,-3665544.023601,2920744.966205,-1848589.816489,3257598.714317,-6299657.565651,6654283.848671,-4220768.547686,1427755.504521,1062980.911264,-317652.041545,-4045792.898039,5746324.921642,-3060965.280854,573161.279146,24319.208857,-10257.053032
3056365.767137,4908504.801286,1537760.085697,152440.523879,645684.215198,-4586133.054959,-9595832.789162,7057534.097475,-101353.661500,-5597725.230371,-3397994.341232,-1678749.076768,1746345.692533,-87005.723654,85030.203943,4291012.368720,3440210.500796,-151202.808919,3297846.668222,-3232015.340959,2004897.789841,-147404.048719,2920433.474534,-1914884.221434,-9913054.578226,4471444.934816,-2239968.697429,-1667338.745909,3842766.528592,-2325629.195274,2168799.518993,526556.933966,771532.521970,3879243.542384,-5354212.283803,4239421.453164,-1400816.792066,1414371.611190,-5258034.406072,-1623637.167981,5218106.597643,-3815320.736091,4235048.160684,-4937206.395785,5418607.899660,-984721.778617,-1513433.717277,595313.894162,-1460811.487464,673601.436130,-1489121.887110,5488020.360193,-2832580.352059,-3622916.066499,3230256.507167,84732.536242,-460415.755254,-676138.739786,2100658.573855,-2403577.096157,855758.423150,357526.045111,22193.211211,-1301088.930120,2830032.776786,-3656011.060986,2911881.136003,-1843504.904980,3256459.802828,-6302467.036980,6659685.070774,-4224084.842599,1428138.939202,1062755.259681,-317012.600260,-4047839.097673,5749106.017542,-3061249.916919,571518.708510,25329.271955,-10429.377844
3062867.762167,4897584.723366,1537018.388478,160706.781205,644285.797507,-4576676.297335,-9590915.658290,7052479.948603,-121804.535185,-5590109.809361,-3389576.883814,-1671215.472545,1722489.611184,-89476.769154,86189.868788,4283991.431589,3446762.581391,-144469.573687,3305077.479227,-3223068.636111,2005159.161587,-151570.125467,2915043.831418,-1914740.793371,-9915106.586920,4480725.546609,-2246964.367036,-1666547.586914,3827289.843747,-2307067.295821,2157314.636647,511830.251812,780502.851589,3891960.904625,-5356905.634969,4245860.695506,-1391956.914654,1416939.057065,-5270209.059456,-1640713.873770,5225042.477768,-3816084.977218,4235779.319138,-4935124.944547,5435997.746955,-1004077.426425,-1504537.868217,592884.450716,-1467838.430234,680611.234593,-1491242.031733,5495532.483430,-2850549.695196,-3601379.326729,3219386.270914,81105.141589,-455882.400680,-673512.799446,2097051.763721,-2404926.041848,858284.267041,358018.680288,20578.504054,-1297621.900205,2821505.774593,-3643538.400712,2900562.302900,-1837059.646785,3254279.125855,-6304112.071681,6664373.142594,-4227001.451828,1428402.996779,1061847.161750,-315906.469852,-4049101.251516,5750646.090764,-3060649.365108,569388.592845,26525.248148,-10631.644452
3067750.584220,4882749.194289,1536093.003733,171299.149002,641479.772498,-4561890.764847,-9581008.358896,7044040.651178,-147278.739193,-5578595.487623,-3377904.159958,-1662281.033488,1693582.415342,-93511.940451,88388.271011,4273094.123368,3453631.647716,-136318.293812,3312737.298712,-3210534.784950,2004833.438743,-157290.995632,2908218.574715,-1914987.342997,-9911868.173025,4489369.588653,-2256196.825105,-1664267.984763,3808732.130484,-2284442.441286,2142329.279557,492962.275211,792388.959701,3905269.100674,-5357527.342218,4251479.832848,-1381806.489854,1419841.239822,-5281373.727719,-1661057.163814,5231050.317272,-3815808.825450,4235168.225697,-4930440.955381,5454660.836132,-1027129.911873,-1493252.127861,589670.042394,-1474579.483122,686383.098207,-1491151.168902,5502751.959964,-2873138.840429,-3573314.975289,3206587.944796,74967.333801,-449638.720542,-669826.686878,2091060.876594,-2404692.399163,860628.256516,358366.979764,18727.810007,-1292993.887965,2810361.782844,-3627628.676425,2886497.476477,-1829116.974635,3250568.546788,-6303480.489088,6667160.327811,-4228823.304762,1428450.019218,1059823.013060,-314109.073156,-4048799.317378,5749769.763664,-3058567.872415,566698.000810,27880.743333,-10858.241179
3069729.736698,4863049.158182,1534979.221625,184585.939772,636660.147815,-4540055.139955,-9564067.378329,7030985.041007,-178404.474027,-5561944.839084,-3362194.778665,-1651929.844522,1659247.869623,-99582.491464,92019.940245,4257100.388164,3460371.353559,-126710.550977,3320404.046802,-3193403.539921,2003636.729210,-164926.080507,2899647.620460,-1915802.170731,-9900646.879604,4496278.563314,-2268096.905828,-1659863.785560,3786895.964165,-2257369.111229,2123165.700729,469235.843444,807816.976777,3918351.656977,-5354821.906270,4255309.719386,-1370490.241201,1422964.211968,-5290017.338765,-1684735.350541,5235081.477112,-3813862.998927,4232497.864047,-4922113.023777,5473705.137535,-1054013.067915,-1479153.816916,585496.548079,-1480326.931045,689799.172920,-1487662.196912,5508848.397093,-2900951.644998,-3537430.779303,3191818.831157,65451.137659,-441258.398910,-664794.555128,2081867.902050,-2402044.893865,862526.838016,358445.416182,16667.992845,-1286950.731972,2796081.390835,-3607692.231908,2869315.374973,-1819487.581953,3244760.025124,-6299312.916996,6666704.613052,-4228748.854351,1428123.819082,1056254.827551,-311402.231856,-4046065.769063,5745178.762252,-3054341.032918,563358.132857,29370.480849,-11103.609135
3067167.821478,4837401.036106,1533609.460499,201041.141638,629190.855333,-4509122.318703,-9537753.797297,7011897.749337,-215866.997710,-5538727.559573,-3341426.917783,-1640129.203203,1619123.939266,-108375.786458,97524.647470,4234523.863065,3466470.644724,-115493.844623,3327491.505160,-3170570.906805,2001207.729617,-174940.538785,2889128.333568,-1917439.291768,-9878188.255048,4500114.273549,-2283194.493876,-1652535.450620,3761662.783974,-2225532.815569,2099049.796532,439794.202131,827507.293302,3930226.053949,-5347327.838355,4256182.619523,-1358220.798388,1426243.962587,-5294206.406432,-1711812.582819,5235849.586914,-3809597.760339,4226923.046543,-4908872.878509,5491980.559927,-1084742.069995,-1461791.947743,580130.642380,-1484166.974505,689397.052554,-1479257.621807,5512857.943421,-2934743.492009,-3492284.442727,3175131.360676,51535.045058,-430260.044337,-658108.713223,2068495.222130,-2395891.423026,863574.190828,358110.406362,14442.909377,-1279169.013538,2778025.838498,-3583064.708782,2848664.523755,-1808021.973766,3236208.832294,-6290109.585435,6661394.689036,-4225820.550055,1427242.720699,1050637.887754,-307528.231601,-4039881.982902,5735347.551382,-3047193.428069,559272.628570,30960.724257,-11360.543849
3058288.756151,4804586.679238,1531997.608078,221162.892420,618319.018333,-4466790.025406,-9499477.172552,6985223.610188,-260497.281238,-5507360.457113,-3314548.894836,-1626894.641886,1572781.024532,-120554.993372,105452.784230,4203711.090529,3471371.181446,-102579.401202,3333484.307146,-3140804.891201,1997142.806667,-187828.424135,2876333.236625,-1920148.638003,-9840873.675086,4499378.113211,-2302112.903759,-1641448.198104,3732869.057513,-2188483.416725,2069073.289497,403747.608073,852285.535280,3939769.946916,-5333417.277366,4252854.537077,-1345203.821507,1429584.599612,-5291926.816951,-1742386.468016,5231979.013908,-3802251.065392,4217497.585884,-4889300.733493,5508311.128415,-1119458.194672,-1440697.912251,573382.739241,-1485106.443916,683574.949939,-1464285.380232,5513717.030802,-2975365.127542,-3436220.386873,3156576.317175,32012.365807,-416069.528538,-649388.953254,2049848.224146,-2385102.612341,863387.967972,357214.623749,12088.177563,-1269331.600436,2755547.678797,-3553015.302975,2824096.050026,-1794502.963415,3224203.468494,-6274255.426998,6649496.624171,-4219013.370349,1425659.989191,1042327.906097,-302149.740585,-4029094.757392,5718532.651905,-3036240.281991,554333.751858,32611.742397,-11620.617335
3041180.012935,4763206.337974,1530059.301204,245540.634926,603183.972650,-4410547.997092,-9446209.201707,6949135.531256,-313210.710206,-5465992.173827,-3280355.877102,-1612164.641558,1519650.969311,-136867.971004,116388.864341,4162866.861129,3474381.413118,-87901.750921,3337710.305549,-3102593.085216,1991010.185647,-204122.817339,2860866.207303,-1924212.099584,-9784749.394582,4492449.699420,-2325474.969404,-1625648.751536,3700239.009623,-2145665.493549,2032259.452617,360028.279357,883039.205219,3945768.769508,-5311204.419824,4243842.914322,-1331613.079105,1432817.304868,-5280903.596303,-1776547.108973,5221897.233941,-3790897.871440,4203183.876276,-4861855.908453,5521316.235126,-1158314.735909,-1415253.993468,564991.853445,-1482072.016488,670665.318737,-1441016.645918,5510213.664503,-3023684.541253,-3367347.565870,3136075.092294,5622.928380,-398064.521002,-638203.581099,2024681.169980,-2368392.440786,861537.335042,355587.170663,9635.584128,-1257053.091743,2727875.136390,-3516682.043180,2795075.441751,-1778649.907557,3207878.199901,-6249846.280042,6628996.946488,-4207135.281808,1423124.216840,1030744.770518,-294985.242372,-4012431.995348,5692850.317431,-3020518.485813,548411.714627,34287.588984,-11875.883515
3013653.020479,4711812.383142,1527790.671548,274771.825130,582899.964137,-4337624.100248,-9374826.825853,6901755.301364,-374948.094000,-5412736.577704,-3237552.042470,-1595961.383201,1459266.521452,-158170.845883,130966.730188,4110006.607333,3474834.490893,-71309.108742,3339474.620295,-3054466.263287,1982324.899449,-224442.888062,2842388.208891,-1929945.273803,-9705431.887672,4477511.330818,-2354028.483312,-1604103.249971,3663621.154627,-2096622.307143,1987552.875865,307564.484361,920757.244354,3946849.507657,-5278720.056712,4227602.599944,-1317736.036615,1435848.128021,-5258609.300312,-1814379.191283,5203900.310416,-3774641.332348,4182835.749939,-4824820.985577,5529500.721187,-1201392.895425,-1384887.528569,554692.953337,-1473844.016930,648702.137138,-1407415.207230,5501048.511927,-3080716.921773,-3283721.489776,3113724.293364,-29057.780834,-375577.544707,-624122.800807,1991689.152071,-2344348.344756,857510.403539,353048.095340,7139.700342,-1241935.065951,2694204.092462,-3473193.647515,2761108.332599,-1760243.906274,3186387.012810,-6214915.287709,6597769.969323,-4188919.472080,1419427.881511,1015144.846257,-285644.059989,-3988507.890729,5656206.229478,-2998965.198868,541378.795436,35939.395291,-12116.022888
2973399.110477,4648806.708137,1525124.158972,309528.142057,556459.860899,-4245069.862078,-9281845.648391,6840991.085893,-446705.538114,-5345480.013980,-3184748.134180,-1578260.000347,1391078.996544,-185338.435871,149862.967259,4043017.829818,3471909.064483,-52706.725458,3337976.053996,-2994742.059807,1970587.035081,-249415.074682,2820479.915574,-1937682.771612,-9598221.060168,4452600.980803,-2388512.004624,-1575674.225790,3622784.949836,-2040814.480884,1933828.273399,245154.472529,966471.792137,3941551.964439,-5233799.056245,4202434.073124,-1303840.341198,1438493.854868,-5222307.308507,-1855945.086183,5176141.255267,-3752451.516608,4155211.734217,-4776371.544752,5531219.456363,-1248801.488367,-1348930.902640,542190.067267,-1459116.512540,615648.154597,-1361396.700288,5484795.171662,-3147463.432942,-3183212.858771,3089520.664375,-73521.707655,-347890.914594,-606654.534298,1949423.997755,-2311450.092115,850800.019804,349372.370713,4659.790281,-1223538.952672,2653653.786451,-3421585.524722,2721626.678736,-1739007.153084,3158758.791679,-6167263.857596,6553459.137412,-4162964.126032,1414305.710431,994792.394313,-273756.065538,-3955829.294768,5606370.473902,-2970448.556306,533095.724726,37517.079534,-12330.371315
2917987.809835,4572480.983696,1521980.368871,350499.342305,522836.673918,-4129750.801148,-9163559.480519,6764610.116343,-529575.116859,-5261970.772235,-3120447.068835,-1559034.760446,1314468.654153,-219311.012686,173803.094111,3959642.816780,3464769.980411,-31986.348714,3332398.554182,-2921631.812271,1955247.610767,-279726.213833,2794680.949857,-1947759.775590,-9458142.881235,4415664.306020,-2429698.850490,-1539189.508604,3577453.516593,-1977633.022387,1869871.265583,171543.433843,1021300.187210,3928307.732756,-5174127.806062,4166491.376447,-1290170.737132,1440590.918978,-5169138.862201,-1901324.540776,5136643.253392,-3723207.112519,4118991.515917,-4714546.856054,5524721.046940,-1300679.085735,-1306665.097632,527172.744188,-1436520.315084,569364.656771,-1300760.568791,5459937.409022,-3224987.330187,-3063547.322666,3063445.557668,-129349.465237,-314240.554142,-585278.181449,1896351.818371,-2268076.370342,840837.686849,344352.695926,2245.590145,-1201391.986372,2605272.513689,-3360804.937980,2675996.094347,-1714624.863092,3123954.834420,-6104561.291271,6493580.145748,-4127794.531377,1407469.519774,968918.111857,-258938.134675,-3912792.117542,5540951.650289,-2933749.694316,523406.086484,38970.427692,-12508.076140
2844818.174976,4481039.092828,1518310.858722,398435.621152,480914.479202,-3988337.509172,-9016058.471004,6670262.742532,-624701.858679,-5159850.563425,-3043116.795300,-1538285.288579,1228812.803336,-261071.579133,203588.318205,3857522.380194,3452520.059566,-9060.378805,3321868.972650,-2833237.877571,1935727.082803,-316076.183782,2764519.498189,-1960558.439780,-9279916.339322,4364494.838944,-2478452.203502,-1493391.801570,3527363.580575,-1906450.651841,1794424.459165,85421.988418,1086412.475165,3905435.649903,-5097235.097447,4117847.792227,-1277034.069284,1441933.837914,-5096044.309204,-1950607.611411,5083326.869340,-3685726.896700,4072799.532693,-4637287.280806,5508150.710155,-1357170.977642,-1257348.418552,509328.641093,-1404586.197788,507543.622408,-1223141.893636,5424868.193845,-3314439.412869,-2922310.107529,3035516.890350,-198261.782751,-273801.267393,-559425.570309,1830825.953171,-2212511.310476,827037.203684,337764.822982,-50.134561,-1175013.678251,2548095.295118,-3289780.702915,2623570.575189,-1686772.822306,3080876.607235,-6024330.926100,6415478.808745,-4081832.057723,1398627.484753,936678.363587,-240762.127877,-3857713.843036,5457431.710561,-2887590.345691,512152.974398,40242.619611,-12637.045315
2751235.040098,4372645.317900,1514024.161076,454059.148702,429547.585420,-3817447.842615,-8835274.840676,6555490.417321,-733171.486379,-5036669.714055,-2951168.317905,-1516001.597469,1133506.699478,-311619.841598,240001.791444,3734235.458882,3434189.825835,16154.078302,3305442.202336,-2727610.879928,1911443.906460,-359186.269690,2729472.132778,-1976426.589152,-9058081.244332,4296799.626018,-2535593.998802,-1436997.645076,3472246.702126,-1826644.123981,1706200.742453,-14530.111030,1162968.994287,3871187.079871,-5000562.920407,4054472.192112,-1264724.448241,1442293.616458,-4999851.488544,-2003809.017379,5014010.385306,-3638772.904295,4015190.372651,-4542477.302205,5479537.750727,-1418355.431318,-1200222.785207,488327.139597,-1361819.766024,427879.825766,-1126173.408783,5377900.025089,-3416896.507399,-2757084.989938,3005720.272745,-281942.088035,-225767.661254,-528543.487944,1751204.353980,-2143001.555272,808780.519673,329375.868139,-2162.778435,-1143902.218841,2481106.751948,-3207388.021801,2563673.127707,-1655114.448030,3028389.160433,-5924012.908581,6316416.091001,-4023445.822657,1387450.343224,897250.658437,-218824.236498,-3788829.550669,5353185.176307,-2830635.197120,499169.814696,41275.692733,-12704.881288
2634465.716208,4245383.742059,1509039.434200,518172.522554,367557.756753,-3613581.398703,-8617020.894720,6417780.243405,-856146.809331,-4889915.702251,-2842966.816229,-1492178.143823,1027917.776246,-371971.293955,283881.557615,3587275.423038,3408771.221698,43734.698881,3282151.138852,-2602732.605871,1881782.061807,-409788.507000,2689044.054936,-1995745.694473,-8787046.620062,4210217.475118,-2601979.065400,-1368672.337341,3411834.231352,-1737588.137744,1603891.317007,-129659.226963,1252184.608913,3823731.522106,-4881487.777447,3974260.178724,-1253540.459322,1441442.573017,-4877267.514178,-2060967.432075,4926449.718111,-3581064.659288,3944654.757573,-4427895.734074,5436835.187986,-1484336.987714,-1134505.133584,463833.737320,-1306631.680984,327926.650150,-1007386.667155,5317285.749113,-3533460.254326,-2565368.157664,2974036.560098,-382157.948927,-169289.217132,-492024.030704,1655719.141119,-2057696.130538,785446.711598,318919.828164,-4021.728850,-1107541.357809,2403271.199342,-3112488.069135,2495628.207821,-1619312.418119,2965314.794529,-5800941.781436,6193524.611360,-3950919.186850,1373594.006433,849776.477566,-192693.342727,-3704350.301936,5225542.785267,-2761531.940937,484294.914521,42006.893368,-12698.339790
2491887.678716,4097314.737710,1503210.077185,591501.632598,293743.018374,-3373315.393937,-8356968.283977,6254510.645094,-994725.170225,-4717004.198370,-2716932.140633,-1466798.585528,911362.605917,-443065.258642,336057.293579,3414231.280294,3375180.224070,73642.550913,3251024.838430,-2456494.391103,1846154.207594,-468591.554146,2642579.131888,-2018815.412923,-8461247.681470,4102405.954771,-2678365.234740,-1287117.699157,3345714.421293,-1638549.748564,1486192.134954,-261288.255443,1355224.161969,3761226.417190,-4737300.436383,3875065.050624,-1243721.290476,1439068.872031,-4725074.165379,-2122077.149946,4818375.355221,-3511199.426214,3859693.888034,-4291367.754746,5377977.836846,-1555283.584383,-1059335.641174,435516.110157,-1237535.035257,205486.181895,-864547.326049,5241262.485485,-3665102.192974,-2344630.980118,2940318.825462,-500609.145396,-103528.578388,-449251.419137,1542622.485617,-1954789.404524,756422.420316,306160.830649,-5573.421620,-1065412.221595,2313532.160547,-3003871.961136,2418654.835271,-1578940.747787,2890411.638321,-5652405.665252,6043931.607754,-3862545.928226,1356678.987925,793472.941083,-162003.156024,-3602453.197315,5071816.995456,-2678909.222864,467349.476967,42381.122564,-12605.427444
2320721.043347,3926544.298133,1496422.329422,674777.924840,206947.543882,-3093188.344258,-8050883.741754,6063119.863969,-1149935.311989,-4515417.011957,-2571451.164940,-1439868.871039,783304.648371,-525901.861061,397347.155603,3212612.329176,3332338.944234,105936.333490,3211010.770086,-2286893.446473,1803954.643119,-536296.737319,2589571.490925,-2046001.239117,-8075027.249953,3970935.262220,-2765530.806275,-1191008.520698,3273635.031353,-1528955.933064,1351836.139133,-410698.350999,1473229.385584,3681772.420270,-4565306.495163,3754710.721070,-1235562.427074,1434893.063867,-4539915.577961,-2187070.827185,4687476.002211,-3427856.442076,3758782.990175,-4130671.722146,5300788.180293,-1631179.738020,-973961.855373,403043.110357,-1152924.987880,58129.224028,-695213.910699,5148021.816113,-3812802.453046,-2092456.869278,2904555.423188,-639012.310195,-27667.805162,-399640.791881,1410179.125859,-1832418.148166,721044.452282,290858.952561,-6752.451052,-1017002.692965,2210867.305831,-2880418.431511,2332090.301786,-1533664.453240,2802481.223453,-5475685.802079,5864708.709496,-3756569.643031,1336330.921035,727511.697900,-126350.182624,-3481305.481249,4889287.357039,-2581391.335841,448173.178545,42331.905968,-12412.216079
2118392.986204,3731181.184939,1488513.699203,768712.158423,106040.656419,-2769917.815472,-7694524.179445,5841030.776795,-1322787.339597,-4282639.097409,-2405017.242372,-1411374.567029,643099.936030,-621344.013376,468583.178168,2980092.477429,3279143.897271,140531.541275,3161105.626742,-2091874.184272,1754589.545888,-613540.447196,2529386.883927,-2077563.547189,-7622983.548876,3813491.675188,-2864153.336281,-1079101.951258,3195188.462238,-1408122.712310,1199595.252470,-579083.511803,1607279.715345,3583498.231223,-4362833.717263,3611043.604985,-1229261.355661,1428572.509068,-4318607.880576,-2255894.405285,4531493.906065,-3329632.543751,3640450.644263,-3943663.967730,5203167.818964,-1712144.257881,-877569.442726,366111.899745,-1051330.964090,-116278.516282,-497241.246535,5035777.824036,-3977371.615183,-1806442.269869,2866570.987682,-798974.977358,59085.150433,-342579.597877,1256663.438293,-1688800.030782,678714.981782,272768.244224,-7496.592700,-961812.738939,2094257.525189,-2740961.353879,2235180.723339,-1483066.275708,2700293.187584,-5268091.364401,5652993.915512,-3631281.499586,1312150.146197,651159.745975,-85398.710548,-3339123.592645,4675332.498034,-2467643.345767,426596.339455,41802.843256,-12106.544818
1882465.226421,3509441.542980,1479313.225044,873936.629755,-10090.216644,-2400407.657797,-7283805.184759,5585769.172793,-1514109.042602,-4016296.745657,-2216251.160439,-1381346.792599,490241.905653,-730184.843492,550545.329059,2714513.903804,3214449.276592,177316.481957,3100324.974644,-1869500.665802,1697537.943089,-700933.204056,2461411.527504,-2113743.559227,-7099939.259362,3627808.145737,-2974849.955021,-950214.627547,3110048.644913,-1275453.563845,1028349.449981,-767514.702077,1758348.207548,3464578.798520,-4127322.540964,3441983.115959,-1225051.755846,1419736.860874,-4058082.167363,-2328379.543505,4348262.802532,-3215149.186652,3503232.559254,-3728298.825936,5083020.856545,-1798188.216484,-769423.142035,324447.215730,-931332.182899,-319749.227918,-268652.540891,4902823.417588,-4159489.126793,-1484379.573542,2826206.750203,-981984.210205,157454.948083,-277494.882166,1080451.998104,-1522237.442989,628852.981085,251657.881142,-7741.787250,-899381.019103,1962758.885549,-2584414.604223,2127220.218230,-1426751.221415,2582669.958843,-5027037.845782,5406024.008139,-3485021.820105,1283738.030146,563730.414234,-38837.730195,-3174191.934154,4427434.395989,-2336389.282336,402466.175475,40734.425052,-11675.843961
1610786.472405,3259632.830466,1468581.958096,990991.064025,-142401.401784,-1981919.206288,-6814859.703905,5294950.920932,-1724581.141674,-3714154.981237,-2003882.874909,-1349746.719641,324231.057335,-853072.568648,643909.064757,2413927.064777,3137136.707747,216136.026926,3027641.818147,-1617937.693557,1632295.639731,-798949.830134,2385012.812181,-2154681.997388,-6501212.679354,3411821.803944,-3097993.020194,-803305.935092,3017765.534167,-1130365.237354,837109.707447,-976905.670801,1927230.170668,3323284.382394,-3856346.246929,3245512.080118,-1223025.639731,1407983.668647,-3755509.869910,-2404326.673369,4135702.189890,-3083019.968866,3345775.373728,-3482690.360943,4938299.885698,-1889297.632347,-648784.514769,277778.198206,-791668.972934,-553957.775612,-7802.535994,4747480.588360,-4359518.617756,-1124284.445611,2783144.352642,-1189258.988487,268062.121645,-203852.346896,880039.206190,-1331153.628619,570920.360277,227310.423680,-7433.325654,-829260.175570,1815467.173135,-2409742.087824,2007525.453371,-1364316.291511,2448457.589852,-4750041.046195,5121166.408716,-3316209.105145,1250650.991791,464706.927226,13535.143303,-2984920.928298,4143296.424868,-2186459.826294,375633.711542,39077.159236,-11109.428494
1301492.800530,2980286.672136,1456097.661839,1120296.874802,-291741.937498,-1512087.191180,-6284213.904725,4966414.799151,-1954738.327952,-3374197.043072,-1766892.450340,-1316586.305132,144660.645820,-990475.244815,749345.295250,2076654.924101,3046120.529583,256700.402102,2942193.910156,-1335523.239653,1558408.876146,-907958.148443,2299526.662838,-2200439.151917,-5822636.407464,3163650.147923,-3233873.972301,-637485.970274,2917892.754741,-972289.850590,625026.566717,-1207949.434029,2114577.902057,3157952.419173,-3547652.854983,3019792.735172,-1223203.529205,1392855.587862,-3408422.268500,-2483483.592174,3891946.967888,-2931949.678273,3166880.906169,-3205142.835953,4767143.025313,-1985506.068825,-515011.780671,225923.747211,-631238.583206,-820311.406167,286656.819789,4568224.957722,-4577669.006960,-724425.833425,2737097.455441,-1421909.142764,391468.681441,-121144.714418,654068.093811,-1114175.105454,504453.696336,199556.879807,-6533.772135,-751085.271807,1651622.464277,-2216011.379133,1875417.074354,-1295335.577064,2296592.849725,-4434862.209096,4796045.152076,-3123407.756306,1212481.577773,353631.598757,71890.416781,-2769860.822375,3820829.764903,-2016792.016841,345965.471909,36784.623889,-10397.321064
953115.895066,2670087.441080,1441565.912170,1262178.405178,-458786.404500,-989041.135780,-5688778.162943,4598244.042621,-2204836.142596,-2994728.539893,-1504478.043048,-1281864.160858,-48810.454581,-1142688.771886,867368.097022,1701437.890626,2940361.038359,298717.182286,2843096.304277,-1020879.174544,1475549.515082,-1028224.032554,2204361.818363,-2250986.120996,-5060768.661417,2881690.139934,-3382555.003465,-452055.256044,2809989.568244,-800779.284883,391460.496581,-1461104.524867,2320790.938567,2967186.052526,-3199354.193982,2763205.392051,-1225602.473305,1373911.340949,-3014691.597931,-2565491.484786,3615353.644658,-2760703.110233,2965430.113334,-2894245.328142,4567817.217079,-2086681.969971,-367565.915446,168718.663201,-449165.330301,-1119769.317368,615604.218174,4363703.243664,-4813806.789262,-283459.044446,2687631.778304,-1680626.986606,528049.669176,-28967.695195,401433.706008,-870138.445624,429048.676001,168237.500444,-4998.363695,-664527.076842,1470543.915218,-2002407.310872,1730310.983154,-1219433.559848,2126132.858248,-4079540.212585,4428597.426041,-2905375.641544,1168826.899421,230224.641684,136296.330129,-2527795.906907,3458314.849007,-1826512.016402,313351.813432,33818.509608,-9531.288012
564780.645812,2328091.411021,1424669.928044,1416715.582881,-644022.108980,-411664.144037,-5026110.073930,4188842.521446,-2474781.325288,-2574437.734382,-1216201.710823,-1245562.984970,-256314.692383,-1309693.631327,998341.984884,1287488.270256,2818835.992599,341711.242786,2729592.642794,-672853.857938,1383465.104029,-1159769.727895,2098855.424968,-2306129.301852,-4213200.732339,2564714.133957,-3543767.963881,-246586.849788,2693542.616095,-615451.555339,136085.357723,-1736484.757841,2545954.717166,2749739.776768,-2809875.184624,2474378.611528,-1230029.095288,1350606.376647,-2572791.954787,-2649896.872654,3304599.175693,-2568140.673279,2740595.325511,-2548956.780732,4338817.286491,-2192725.590748,-205992.263174,106090.186410,-244870.050960,-1452712.521544,979292.807844,4132757.934925,-5067324.596589,199449.365047,2634224.647269,-1965743.333055,678016.693945,73024.146253,121286.312700,-598203.581232,344441.577612,133224.113519,-2790.988643,-569367.906718,1271759.503906,-1768296.228157,1571670.177874,-1136215.497990,1936254.241211,-3682452.464435,4017123.229330,-2661068.172671,1119254.568539,94457.391852,206667.363075,-2257780.289164,3054470.352732,-1614965.803579,277707.252487,30151.437475,-8505.341453
136085.976412,1953603.742772,1405050.056851,1583862.492622,-847616.136107,220568.890648,-4294417.031534,3737018.711188,-2764272.074601,-2112444.916894,-901938.794814,-1207678.531907,-477977.434472,-1491254.039199,1142518.668288,834511.369967,2680713.869824,385204.841053,2601068.915446,-290751.652910,1282016.444683,-1302490.336500,1982455.353812,-2365558.451954,-3278460.022686,2211880.754625,-3717076.287025,-20943.144722,2568047.748792,-416008.913304,-141231.366347,-2033838.500898,2789893.231787,2504683.202621,-2378104.436319,2152279.344186,-1236264.258177,1322446.081506,-2081761.745711,-2736186.995303,2958722.533003,-2353293.746376,2491723.862705,-2168573.547030,4078936.117355,-2303449.106446,-30012.836536,38040.938036,-18075.452125,-1819025.497766,1377473.459872,3874520.754607,-5337354.977201,724690.376944,2576283.233447,-2277203.769013,841404.757999,185050.740307,-186876.894799,-297864.592742,250445.056374,94471.627007,95.303071,-465465.567156,1054951.601135,-1513211.113079,1399048.242109,-1045327.982322,1726328.432380,-3242439.737751,3560435.921393,-2389758.396368,1063410.905791,-53574.761895,282856.022208,-1959162.135067,2608452.461955,-1381720.137707,238970.454091,25767.687226,-7315.889027
-332486.299594,1546390.155000,1382299.238434,1763268.831795,-1069543.589433,907127.560929,-3492744.279929,3242025.876837,-3072512.676208,-1608393.919063,-562047.441227,-1168185.110366,-713688.939722,-1686709.353321,1299922.586658,342912.382734,2525172.748947,428478.758314,2457062.357464,125833.504184,1171225.728367,-1455989.268751,1854506.101241,-2428752.324415,-2256535.447861,1822913.909395,-3901583.950059,224671.215933,2432886.345836,-202228.662798,-440200.648512,-2352539.312465,3051989.361802,2231409.698370,-1903432.149296,1796292.118726,-1243841.929818,1288814.700049,-1541482.840119,-2823723.627017,2577222.744122,-2115308.607056,2218508.542026,-1752945.528823,3787344.081968,-2418690.532628,160553.510653,-35330.887100,231030.469778,-2217704.900144,1808980.564908,3588423.665519,-5622398.001660,1291980.506823,2513021.619378,-2614377.453442,1017993.735440,307231.398037,-523176.877691,30926.988342,147073.564123,51958.869068,3666.167364,-352811.179222,820047.857607,-1236904.177505,1212060.050180,-946396.796416,1495896.920408,-2758831.453183,3057894.823027,-2091032.016528,1000909.200408,-213414.860172,364496.573748,-1631689.016042,2120063.683027,-1126664.929815,197112.314234,20669.845308,-5963.039692
-839827.395033,1106647.863403,1355975.708145,1954378.666055,-1309333.429940,1646594.327031,-2621157.555408,2703721.353015,-3398340.279337,-1062578.200063,-197312.945806,-1127050.691640,-963162.193688,-1895112.394769,1470363.035330,-186248.598898,2351624.767711,470837.882355,2297248.691204,576649.202900,1051249.588269,-1619646.686139,1714557.030413,-2495051.333004,-1148758.040087,1398063.515523,-4096093.676342,489655.417245,2287508.847360,25901.443392,-760186.484749,-2691468.310564,3331227.942344,1929724.540539,-1385913.516903,1406257.404845,-1252230.866887,1249161.360157,-952580.844243,-2911769.338226,2160095.238320,-1853611.041611,1920949.989952,-1302437.924551,3463571.327792,-2538096.918901,365627.197727,-113835.280912,501896.704258,-2647135.096712,2271994.882253,3274272.496038,-5920519.306499,1900310.007639,2443626.103778,-2976099.639644,1207307.390036,439507.453725,-887267.803860,387789.082162,34447.714312,5747.449770,7906.282321,-231509.866103,567219.871554,-939423.080906,1010523.716799,-839158.538606,1244795.910363,-2231595.120184,2509533.190508,-1764878.780904,931448.429759,-384394.664153,451114.599190,-1275552.077240,1589770.575652,-850032.227269,152152.272918,14871.873437,-4449.484103
-1383755.814518,635095.844470,1325596.604318,2156284.349766,-1566207.269121,2436348.548204,-1680764.129126,2122542.328179,-3740084.190540,-475985.099399,190851.086385,-1084255.759735,-1225972.381913,-2114984.011579,1653403.021528,-750999.605725,2159616.270324,511328.791602,2121595.363791,1060992.234569,922458.631319,-1792537.910703,1562041.747235,-2563512.425952,41750.429504,938279.479232,-4298966.904845,772936.484811,2131235.695741,268342.737447,-1100097.286806,-3048938.235949,3626101.682517,1599878.777878,-826286.243881,982573.322989,-1260682.071782,1202858.709436,-316779.026020,-2999477.616404,1707955.144610,-1567802.265690,1599446.292481,-818047.738471,3107692.088575,-2661393.276256,584965.732042,-197131.205114,793361.923578,-3104599.818996,2763573.127130,2932335.145937,-6229147.140044,2547907.424281,2367048.330154,-3360516.517474,1408566.658940,581680.526892,-1278278.685640,771711.695796,-87059.816638,-44033.455787,12782.821420,-101835.996268,296938.909065,-621059.535606,794292.345119,-723304.226527,973100.874018,-1661387.207916,1916164.884618,-1411751.888930,854751.742801,-565481.580920,542018.657755,-891423.050573,1018801.196120,-552430.730943,104140.896190,8413.028357,-2782.898717
-1961264.035559,133036.520328,1290655.464060,2367800.475451,-1838939.013780,3272621.100477,-673957.501901,1499684.142949,-4095598.701702,149639.091955,600515.218043,-1039766.055978,-1501398.218020,-2344523.845289,1848328.601064,-1348603.800187,1948952.780096,548969.225148,1930258.496702,1577467.195895,785371.199738,-1973448.548052,1396604.475506,-2633049.101255,1310159.129515,445207.715552,-4508179.241173,1073014.829727,1963483.669477,524802.572555,-1458419.574346,-3422806.487065,3934641.851022,1242652.412935,-226086.492390,526244.245420,-1268313.380852,1149311.016605,363247.011658,-3085899.845959,1222053.218160,-1257841.846693,1254812.679253,-301447.586838,2720288.349764,-2788149.859882,818061.593999,-284783.626118,1103813.595279,-3586632.975015,3279987.431874,2563336.194606,-6545195.693684,3232113.334646,2282235.994484,-3765158.246178,1620694.367048,733349.859801,-1694790.570418,1181150.549762,-216907.144774,-97184.628265,18245.925710,35790.740818,9988.296645,-282483.482916,563480.078484,-598663.551813,681243.082569,-1049638.184887,1279425.282119,-1032596.621714,770634.571901,-755361.008053,636370.336949,-480526.431690,409214.996714,-234896.696709,53188.447858,1347.316228,-974.279203
-2568184.529894,-397579.385354,1250604.154444,2587367.818751,-2125826.855930,4150249.104583,395490.440705,837101.227124,-4462200.533210,811671.877320,1029094.470548,-993524.140518,-1788545.345631,-2581375.766418,2054125.050014,-1975319.020973,1719669.364338,582636.925982,1723683.218337,2123984.487518,640751.503005,-2160806.646835,1217904.749232,-2702305.934030,2649570.414088,-78685.928799,-4721206.086953,1387813.339612,1783554.373323,794863.704311,-1833086.602001,-3810239.881499,4254286.529418,859365.890625,412294.767691,38943.198638,-1274011.775547,1087915.520141,1083578.364472,-3169998.102827,704374.031487,-923991.761571,888373.731412,244920.167025,2302569.979964,-2917901.282534,1064152.972317,-376202.994122,1430949.724306,-4088593.055916,3816354.885498,2168524.186869,-6864889.056619,3949321.218320,2187945.561890,-4186745.869960,1842245.172918,893905.681279,-2134727.841375,1613865.706589,-354332.677675,-153392.523956,24218.554266,180764.845862,-292503.396760,75310.514568,318319.061213,-465082.415213,369993.229633,-398645.527345,601899.792395,-628912.716900,678960.049518,-952319.846186,733109.042598,-44696.819996,-235987.818163,101066.336509,-551.819787,-6242.349665,959.607722
-3199305.754856,-954152.643562,1204890.362620,2813062.619424,-2424739.920076,5062731.837180,1522411.665014,137594.404963,-4836612.359609,1506605.568959,1473340.424854,-945504.641601,-2086189.923083,-2822743.854612,2269455.222710,-2626438.572865,1472063.343373,611081.416102,1502609.264822,2697724.934405,489556.927104,-2352745.842521,1025734.234352,-2769706.415656,4051087.506720,-630122.945982,-4935082.180284,1714766.643122,1590834.308143,1077857.428419,-2221553.141608,-4207864.036471,4581951.513466,451958.833943,1085528.231783,-476917.862173,-1276542.562989,1018102.003089,1839136.607301,-3250608.167290,157653.971328,-566880.350048,501900.547192,817856.582560,1856381.574854,-3050105.222626,1322194.515182,-470662.358657,1771912.457494,-4604873.558664,4366739.083509,1749752.042632,-7183861.767525,4694929.179689,2082886.427404,-4621288.020576,2071434.053739,1062527.116998,-2595384.081597,2066944.704818,-498316.962254,-212289.657960,30616.288369,332295.589103,-609035.018920,450912.798176,59289.761253,-322522.474689,40512.373874,288402.351178,-112865.201957,-202782.831898,579705.458208,-1154323.728097,831000.142696,413612.716052,-912869.648582,453473.100331,-56861.032330,-14255.414386,2998.074149
-3848253.675479,-1533367.304555,1152969.542117,3042589.202739,-2733018.082404,6002137.704833,2700042.939599,-595126.240569,-5215051.967933,2229957.341855,1929324.099082,-895660.748974,-2392909.248274,-3065310.589033,2492650.455882,-3296226.555702,1206794.078051,632955.707205,1268127.763766,3295067.380639,332974.245547,-2547033.426440,819984.099444,-2833427.182612,5503589.447427,-1204933.330901,-5146389.884398,2050706.822680,1384689.934651,1372951.956143,-2620722.606880,-4611640.448222,4913970.605812,23024.781127,1789306.466011,-1018152.166568,-1274475.359624,939341.663592,2623502.268354,-3326494.529210,-414547.091232,-187542.490112,97717.560796,1413331.763338,1384315.620988,-3184180.049931,1590837.944178,-567276.838956,2123135.765981,-5128733.328891,4924111.915156,1309467.136548,-7497143.843834,5463336.800599,1965648.816786,-5063989.003505,2306103.231481,1238149.896024,-3073320.854020,2536706.743656,-647598.299431,-273379.029763,37318.079221,489388.845121,-937712.432376,842517.365107,-212940.554746,-171012.782125,-305619.278795,1007305.058693,-860217.900274,243048.454217,472959.681216,-1358969.408757,928606.592626,891286.980794,-1616484.154015,819832.068808,-115467.773337,-22563.206094,5114.703638
-4507570.611631,-2131172.310483,1094301.180355,3273292.006383,-3047526.545817,6959119.383685,3920039.890994,-1356403.837768,-5593169.421827,2976291.666992,2392459.582716,-843968.221240,-2706935.324686,-3305351.482257,2721713.175527,-3977968.125952,924824.129508,646859.231530,1021658.517279,3911586.407413,172410.407857,-2741133.046437,600739.818786,-2891463.544809,6993828.035174,-1798070.834234,-5351300.359737,2391946.719897,1164591.300644,1679034.800555,-3026982.686779,-5016959.692464,5246162.156547,-424174.002871,2518298.071917,-1580781.495618,-1266239.006706,851181.218278,3429013.877058,-3396385.496411,-1007822.437068,212541.775044,-321287.814224,2026466.249802,889678.969067,-3319470.382397,1868424.408283,-665019.595966,2480470.014447,-5652477.587933,5480428.957916,850772.711536,-7799226.008458,6247888.076460,1834839.772668,-5509339.454015,2543745.400298,1419484.866188,-3564443.097360,3018786.053387,-800662.764228,-336107.874006,44202.495524,650857.465142,-1276254.700372,1247876.606657,-497428.324393,-10721.495727,-666384.405845,1752884.840675,-1634463.921398,705214.507226,358930.553858,-1563514.002937,1024316.845004,1384526.876760,-2340860.310680,1197130.453931,-176035.042243,-31014.872014,7278.319114
-5168625.436789,-2742795.340589,1028366.293866,3502135.133158,-3364669.758344,7922913.707494,5172497.336227,-2140683.107274,-5966098.085506,3739209.563447,2857479.037954,-790390.569406,-3026286.550811,-3538627.482984,2954297.387739,-4663911.103660,627474.270460,651265.126285,764974.528564,4542105.404296,9504.566218,-2932160.997239,368174.659995,-2941588.815208,8506346.677154,-2403585.589859,-5545555.383626,2734260.499246,929997.225799,1994820.961550,-3436171.382079,-5418646.557950,5573788.104317,-885700.039091,3266190.794449,-2159999.999846,-1250109.590619,753202.395500,4246692.673361,-3458914.353214,-1616950.618260,631458.719587,-751697.099438,2651553.841999,376558.584503,-3455297.351044,2153015.211527,-762727.378008,2839061.874150,-6167287.799957,6026557.337362,377404.773724,-8084044.956745,7040934.937493,1688982.511966,-5951058.644030,2781492.846472,1604993.522455,-4063915.968792,3508039.856216,-955744.934222,-399800.048547,51113.550912,815308.590111,-1621981.154012,1664331.986406,-793023.765461,158100.771845,-1039338.552351,2518948.970670,-2428806.018968,1179689.095895,237947.624372,-1764867.324179,1116337.298584,1888855.878815,-3079005.590681,1581839.993937,-238168.588068,-39432.997415,9452.251722
-5821894.880565,-3362727.778135,954751.789971,3725743.142051,-3680310.409455,8881507.067319,6445798.236398,-2941362.631249,-6328499.440602,4511276.165379,3318529.869725,-734940.857739,-3348610.164371,-3760590.448870,3187727.912269,-5345449.509389,316533.457395,644755.158501,500224.490749,5180467.096249,-153936.031003,-3116994.851009,122780.697874,-2981435.681583,10023730.101618,-3014705.633696,-5724609.110644,3072896.955718,680605.991624,2318661.845601,-3843687.172725,-5810947.334195,5891661.802871,-1356915.453394,4025585.880414,-2750153.582591,-1224355.840219,645203.991065,5066384.138808,-3512732.589824,-2235857.740532,1066724.977449,-1189557.167297,3282110.264767,-150201.909023,-3590844.233779,2442274.473184,-859095.342513,3193530.804947,-6663618.778801,6552640.709176,-106244.124501,-8345218.803171,7833818.765066,1526753.577094,-6382237.341548,3016147.712534,1792863.170957,-4566184.801965,3998633.002512,-1110864.360036,-463698.386492,57890.497310,981159.638137,-1971820.736586,2088745.502272,-1098229.091649,334988.324808,-1421525.037680,3298246.000577,-3235335.831122,1661769.977032,110549.019463,-1959740.172276,1202792.066414,2399150.770245,-3822992.579092,1969951.967222,-301406.269963,-47623.800737,11596.114502
-6456913.026784,-3984776.260383,873117.433846,3940459.875604,-3990029.603777,9821699.324509,7726906.384543,-3750956.601628,-6674649.277477,5284227.193882,3769216.502234,-677664.650721,-3671299.863528,-3966360.759169,3419057.665703,-6013130.030108,-5906.591287,625812.119897,229924.338985,5819950.295792,-315888.604433,-3292289.442293,-134813.495476,-3008541.986918,11526665.414975,-3623886.767714,-5883673.418624,3402736.549736,416234.475430,2648720.492238,-4244457.482222,-6187750.723722,6194231.280058,-1832595.268297,4788198.396457,-3344858.125467,-1187145.013409,527060.812255,5876836.453281,-3556508.868854,-2857717.953011,1515418.881446,-1630379.604706,3910902.351447,-685006.413822,-3725367.397304,2733638.407076,-952698.876720,3537981.986794,-7131142.106732,7047999.448399,-595144.225545,-8576052.808694,8617033.247606,1346914.495641,-6795458.854919,3244257.315545,1981111.430093,-5065158.771862,4484130.339256,-1263805.228544,-526994.887452,64373.260671,1146634.724224,-2322326.071150,2517570.686579,-1411309.290524,519360.662916,-1809585.195106,4082620.046918,-4045184.318004,2146185.386618,-22607.848687,-2144562.055025,1281666.349939,2909674.255164,-4563979.936296,2356991.801862,-365226.996728,-55373.649545,13665.245803
-7062534.481490,-4602106.149444,783239.966056,4142365.683921,-4288969.838596,10729336.859748,9001309.384749,-4561100.192876,-6998523.624153,6048945.525024,4202720.377946,-618624.395873,-3991455.973910,-4150874.434643,3645048.929195,-6656857.673250,-337270.810577,593063.498168,-43081.414445,6453008.662808,-474223.059582,-3454507.055294,-403671.537992,-3020391.139353,12994275.964906,-4222890.701467,-6017802.812865,3718263.265860,136933.347796,2982842.766922,-4633072.468249,-6542569.110906,6475625.622305,-2306889.515780,5544843.613394,-3936961.464897,-1136694.119327,398838.114457,6665853.359006,-3588947.914525,-3474984.753283,1974061.717554,-2069222.518680,4530046.440200,-1221576.975829,-3857985.950936,3024213.086228,-1042031.761122,3866087.414196,-7559027.068207,7501530.289142,-1083719.568905,-8769748.507469,9380288.371752,1148438.818130,-7182862.134197,3462124.752488,2167494.531710,-5554100.772224,4957493.637578,-1412181.651375,-588789.186636,70381.009902,1309805.556309,-2669722.272715,2946842.325803,-1730204.853087,710425.736396,-2199705.117392,4862999.646287,-4848526.004718,2627080.717241,-160660.502722,-2315654.463666,1350920.376840,3414153.702879,-5292370.554128,2738096.592200,-429054.947659,-62455.397671,15611.921689
-7627115.327243,-5207357.463114,685088.900469,4327364.456960,-4572076.723819,11589576.298708,10253308.459458,-5362642.284788,-7293901.763260,6795605.981222,4611868.286102,-557969.395366,-4305936.230109,-4308955.121404,3862262.307642,-7266025.212510,-674604.877944,545231.261774,-315586.038889,7071545.252550,-626671.876888,-3600066.886322,-682613.657408,-3014476.619239,14404452.701260,-4802956.927592,-6122090.064584,4013727.581550,-156966.492662,3318637.943549,-5003851.421139,-6868708.209687,6729837.178123,-2773432.195887,6285579.151087,-4518696.102339,-1071346.268128,260852.004840,7420485.836777,-3608866.125857,-4079513.106041,2438697.906992,-2500732.400284,5131144.235591,-1752988.602857,-3987854.835837,3310851.255992,-1125495.651083,4171236.759738,-7936167.140343,7901833.807205,-1565837.803311,-8919587.422077,10112710.259341,930567.657779,-7536356.025188,3665902.912954,2349611.803815,-6025848.336952,5411249.870068,-1553450.128396,-648153.749022,75752.090274,1468591.344486,-3009935.335701,3372230.634353,-2052583.688072,907208.566737,-2587671.536663,5629528.870251,-5634732.797453,3098114.377194,-302551.089373,-2469292.370828,1408523.732465,3905872.573574,-5997953.330030,3108083.969550,-492263.589876,-68633.937512,17386.412354
-8138830.840500,-5792733.696719,578818.181054,4491294.325491,-4834140.250072,12387206.792647,11466216.883360,-6145765.759321,-7554606.890940,7513888.434972,4989381.995674,-495887.778193,-4611404.516830,-4435512.954579,4067131.873963,-7829832.179480,-1014543.050094,481240.269644,-584111.469199,7666992.587203,-770919.436915,-3725386.214312,-970141.798961,-2988443.212949,15734321.384957,-5354934.554462,-6191761.289836,4283297.418138,-464816.175882,3653452.816434,-5350988.032167,-7159480.857493,6950869.993707,-3225476.645190,6999904.761788,-5081768.375829,-989585.163718,113642.897645,8127341.005709,-3615237.667641,-4662699.258534,2904865.467675,-2919225.338871,5705427.203908,-2271784.036738,-4114114.232714,3590205.090521,-1201474.161331,4446693.295150,-8251525.302145,8237646.656064,-2034979.019174,-9019175.883199,10803076.635958,692931.465471,-7847864.319346,3851703.421345,2524916.302862,-6472922.454897,5837652.204884,-1685008.894924,-704101.796025,80312.535114,1620817.899529,-3338671.952227,3789088.392564,-2375821.231728,1108521.190347,-2968934.242457,6371752.947357,-6392579.212033,3552580.934972,-447034.855166,-2601807.768991,1452523.847437,4377791.744531,-6670103.211345,3461553.696572,-554187.067196,-73671.338619,18938.050998
-8585974.594081,-6350130.637839,464819.360828,4630003.876518,-5069948.547993,13106997.876593,12622643.114863,-6900137.693019,-7774541.126870,8193103.198569,5328004.144511,-432660.932827,-4904278.273548,-4525698.963579,4255998.750604,-8337487.599303,-1353375.433159,400275.877552,-844945.262567,8230463.537301,-904655.059204,-3827013.549116,-1264416.019648,-2940134.868527,16960761.385310,-5869530.372061,-6222364.348022,4521190.708954,-785525.219388,3984346.907734,-5668658.232010,-7408339.216830,7132890.843896,-3655994.629241,7676912.828849,-5617517.120509,-890168.916669,-41969.491952,8772897.401667,-3607202.412950,-5215648.230700,3367635.804072,-3318826.275822,6243969.748055,-2770125.398834,-4235870.440155,3858735.968152,-1268352.304150,4685794.478816,-8494480.395905,8498134.146015,-2484309.683446,-9062618.679408,11439975.458434,435637.249841,-8109500.379856,4015663.737788,2690764.971477,-6887680.737594,6228832.975757,-1804204.105764,-755678.847181,83924.571241,1764244.279143,-3651486.159925,4192505.744351,-2697001.011213,1312935.965873,-3338645.087195,7078775.867221,-7110439.471805,3983529.550086,-592668.403879,-2709712.939784,1481114.748105,4822700.029412,-7298018.239399,3792998.913843,-614121.232263,-77339.016520,20217.486872
-8957288.936808,-6871302.665137,343754.384144,4739485.259037,-5274378.048002,13734116.913650,13704812.808524,-7615088.331018,-7947960.132383,8822424.091334,5620683.939270,-368651.015415,-5180882.675991,-4575043.501467,4425224.794197,-8778509.702281,-1687024.140333,301865.069539,-1094188.922146,8752906.315749,-1025622.641492,-3901718.417485,-1563248.166671,-2867704.275328,18060930.364510,-6337488.329364,-6209957.821307,4721831.990585,-1117588.666183,4308152.618488,-5951148.066633,-7609048.072461,7270414.021455,-4057820.813769,8305527.315832,-6117075.277809,-772234.345537,-204827.180917,9343818.597741,-3584167.267754,-5729337.509496,3821652.269841,-3693516.587847,6737828.091298,-3239911.353982,-4352215.076300,4112795.373887,-1324570.684456,4882094.383451,-8655146.485862,8673295.299298,-2906836.754730,-9044821.727521,12012129.442677,159365.944130,-8313847.980615,4154072.842946,2844452.220464,-7262454.417645,6576980.488548,-1908450.239231,-801910.352046,86454.935847,1896611.603380,-3943858.858956,4577389.228218,-3012949.933362,1518795.590911,-3691742.827040,7739466.626764,-7776506.514426,4383892.199316,-737812.895677,-2789826.073050,1492720.451260,5233355.059421,-7870955.239941,4096931.242460,-671344.322661,-79420.213281,21177.354019
-9242435.201838,-7348091.139836,216594.548963,4816013.557302,-5442636.047734,14254667.254245,14695106.576203,-8279905.878264,-8069685.606755,9391243.600154,5860887.732862,-304305.789777,-5437471.941191,-4579712.470349,4571314.539091,-9143164.646214,-2011158.818459,185940.782810,-1327861.808379,9225404.811050,-1131727.400510,-3946660.215920,-1864105.270485,-2769748.634705,19013128.740899,-6749915.283298,-6151320.086755,4880078.140176,-1458982.459478,4621519.220169,-6193101.845085,-7755968.101506,7358535.326917,-4423903.525432,8874861.661629,-6571636.003742,-635340.413992,-373457.546253,9827434.399322,-3545811.969977,-6194927.372574,4261246.917706,-4037373.343092,7178401.145350,-3673025.752098,-4462249.070083,4348693.874316,-1368666.170802,5029676.174893,-8724903.326834,8754454.109781,-3295624.331888,-8961757.122627,12508777.924931,-134564.827307,-8454287.069329,4263521.491470,2983319.387687,-7589853.150490,6874630.103454,-1995289.713909,-841880.487541,87802.805568,2015702.799226,-4211316.409333,4938579.738817,-3320285.848666,1724219.808194,-4023081.383147,8342799.252557,-8379176.557833,4746711.813669,-880645.056309,-2839449.599590,1486091.698827,5602746.918703,-8378634.953863,4368078.725333,-725131.129491,-79724.500151,21775.089771
-9432385.831248,-7772583.273141,84625.573670,4856304.136705,-5570359.100813,14656160.463422,15576380.309480,-8884000.778942,-8135315.515720,9889373.616078,6042782.778941,-240194.040234,-5670296.009702,-4536703.849742,4691007.033381,-9422747.908167,-2321196.858024,52928.094936,-1541958.161518,9639326.163500,-1221071.552159,-3959517.792176,-2164066.310882,-2645415.330401,19797388.224037,-7098519.129398,-6044157.761170,4991410.692605,-1807109.765350,4920881.143051,-6389654.155908,-7844265.750418,7393179.370819,-4747445.574419,9374428.536130,-6972639.615061,-479604.243915,-546023.833891,10212168.925822,-3492185.495129,-6603919.464035,4680441.855329,-4344684.187687,7557634.358937,-4061501.676697,-4565074.810058,4562805.285633,-1399360.556796,5123352.050429,-8696787.915554,8734670.755291,-3643887.778004,-8810780.992063,12919936.829384,-444044.532495,-8525284.501869,4341025.277875,3104788.572718,-7862927.687340,7114873.232087,-2062491.269440,-874735.842543,87892.381383,2119407.641665,-4449540.365202,5270938.944827,-3615424.680608,1927083.661465,-4327502.047040,8878068.718280,-8907296.334279,5065296.982765,-1019176.530436,-2856482.429749,1460383.534324,5924235.945582,-8811472.476069,4601501.789462,-774763.022170,-78095.503047,21974.464775
-9519874.038693,-8137394.826870,-50578.177505,4857624.051908,-5653773.938382,14928043.481143,16332604.889195,-9417321.266779,-8141411.811794,10307458.513781,6161578.348495,-176926.292670,-5875700.780283,-4444065.555193,4781347.714201,-9610035.002666,-2612436.839809,-96135.933594,-1732669.795913,9986593.098144,-1292074.894231,-3938563.148582,-2459856.235714,-2494511.810871,20396370.401303,-7375955.365393,-5887214.628037,5052126.461873,-2158834.543464,5202549.429621,-6536631.052499,-7870145.697502,7371242.295198,-5022168.827453,9794559.749823,-7312109.022315,-305748.814424,-720321.215220,10488030.007807,-3423649.021776,-6948546.927418,5073117.336341,-4610153.534182,7868328.599388,-4397891.462755,-4659682.429027,4751645.884345,-1415627.065621,5158908.880841,-8565923.378436,8609238.427045,-3945341.616517,-8590788.044969,13236783.668182,-766194.741602,-8522622.325536,4384135.580945,3206439.538195,-8075420.626603,7291636.990365,-2108141.885469,-899735.661657,86686.387529,2205809.354449,-4654534.663694,5569521.926647,-3894671.786317,2125059.028512,-4600013.678655,9335302.056789,-9350594.669152,5333468.378564,-1151289.752874,-2839568.124202,1415227.508784,6191840.666269,-9161004.921958,4792809.125028,-819554.371929,-74420.357511,21747.599354
-9499840.192027,-8435884.234930,-187203.015783,4818049.660317,-5689927.475974,15062205.491404,16949416.144276,-9870622.718526,-8085723.330386,10637293.829487,6213761.640391,-115199.752338,-6050215.093909,-4301176.436931,4839938.267310,-9699618.475698,-2880270.605633,-259603.767581,-1896445.124848,10260142.245495,-1343546.892968,-3882868.989907,-2747859.165782,-2317642.100686,20796092.624330,-7576146.607282,-5680574.430991,5059617.671475,-2510379.722218,5462766.504491,-6630647.262184,-7831127.547604,7290831.137226,-5242619.093059,10126788.887131,-7582975.002880,-115200.222209,-893881.534999,10647215.594248,-3340935.975886,-7221991.738201,5433166.519587,-4829124.426790,8104436.936468,-4675562.976761,-4745035.499287,4912039.159425,-1416727.916926,5133428.315548,-8330023.121103,8376038.295062,-4194281.458640,-8302522.192220,13452027.806651,-1097259.638129,-8443775.086721,4391097.213321,3286168.527567,-8222159.130423,7400067.685815,-2130786.624998,-916264.947492,84187.360668,2273210.048837,-4822672.454270,5829632.690402,-4154238.591649,2315621.473543,-4835947.526480,9705642.089154,-9700114.956574,5545830.603611,-1274810.729469,-2788177.256708,1350788.182365,6400401.288373,-9420149.448582,4938281.302669,-858854.351722,-68643.340349,21077.517296
-9369905.234230,-8662345.325777,-323266.530170,4736550.624164,-5676897.768230,15053275.534370,17414737.066095,-10235824.987985,-7967218.984681,10872341.760653,6197538.315233,-55641.397993,-6190590.820783,-4108882.888010,4864906.117518,-9688377.944492,-3120589.992224,-435204.422089,-2030349.187995,10454439.042296,-1374780.938308,-3792390.411048,-3024155.663441,-2116251.195447,20986661.499257,-7694707.821124,-5425619.734312,5012873.680289,-2857385.319869,5697718.727638,-6669111.077561,-7726567.267333,7151258.359640,-5404377.488504,10364307.657059,-7779525.028030,89841.633895,-1064030.654335,10684778.689861,-3244857.933862,-7418834.246396,5754593.858839,-4997695.378743,8261184.064808,-4889075.542999,-4820025.719012,5041203.033975,-1402180.034500,5045749.117753,-7989958.423057,8035674.207872,-4385723.538804,-7948331.980709,13559895.756799,-1432670.153346,-8287932.101021,4360870.181433,3342273.878583,-8299464.532875,7437145.437806,-2129725.653564,-923911.362562,80508.190059,2320219.839068,-4950885.634976,6046968.124037,-4390231.470935,2496005.557474,-5031107.035964,9981773.484600,-9948732.315931,5698136.889094,-1387689.401666,-2702539.776664,1267727.841834,6545680.835934,-9583335.100272,5034922.333901,-892031.297138,-60781.212573,19960.827762
-8979594.584315,-8687240.675546,-513236.322284,4596156.826335,-5683273.374374,14728046.329203,17650326.828666,-10468166.802796,-7778009.343753,11035250.170004,6062348.337598,102443.248123,-6302055.074839,-3855780.141697,4773964.677377,-9493998.735210,-3383352.479468,-675639.737833,-2124343.159519,10691242.091541,-1349134.813911,-3597509.529123,-3325225.117441,-1941434.751627,20706659.879158,-7585788.662989,-5079727.288473,4925553.762093,-3234765.043632,5930482.344872,-6617455.766391,-7662495.573930,6969988.583063,-5429344.865809,10510983.901625,-7898970.054094,414710.185164,-1335842.653467,10510575.887562,-3167802.120071,-7439324.393209,5978759.097403,-4931818.707351,8157545.645627,-4971495.608805,-4956088.205008,5248431.061067,-1423095.631182,4841099.705711,-7430730.918176,7490958.628542,-4529066.321456,-7411326.900688,13467656.118005,-1751121.378785,-8079457.048629,4319096.571519,3386352.535427,-8314418.788463,7356829.390403,-2044241.134893,-938077.221831,61365.551022,2356139.851242,-5053580.114588,6251421.036007,-4640130.157234,2701739.290572,-5199709.030158,10152825.137270,-10092549.582587,5824274.961931,-1598010.481759,-2399486.501152,1056392.897820,6536443.102923,-9482642.007538,5005074.029079,-919464.833302,-41837.255972,16725.153755
-8360505.939224,-8464252.522259,-761470.123354,4398064.466199,-5699918.328178,14063145.552494,17608773.878272,-10539722.846609,-7504783.691788,11118274.960166,5836740.653059,373043.980347,-6358385.136440,-3572190.537719,4550431.157237,-9141649.060496,-3672444.732787,-947832.654259,-2207827.606793,10983723.911737,-1269877.030964,-3295071.614158,-3612922.127975,-1824202.219467,19935277.288644,-7245473.581626,-4649117.868998,4833163.632555,-3603528.285488,6109314.484195,-6446572.221952,-7668906.568023,6743228.798007,-5324018.248084,10577681.907335,-7966176.653924,870601.265193,-1732527.750194,10182674.092585,-3099950.394717,-7278609.906119,6047892.498139,-4590873.738737,7767580.614691,-4946088.653561,-5116715.383329,5540971.498788,-1506582.068709,4572352.280691,-6727770.224103,6779221.111616,-4620244.061063,-6669583.467634,13118108.223598,-2009225.755347,-7832329.562210,4268533.880688,3422582.734236,-8295490.994230,7203302.118609,-1893755.752544,-967419.436794,34929.620684,2377747.195366,-5120901.184113,6418515.074385,-4871009.823064,2909171.268682,-5332341.233731,10223493.454346,-10152801.308896,5951175.820092,-1934165.325320,-1845479.401463,702165.997908,6350401.001618,-9085006.818162,4830500.975310,-935459.436953,-13168.428262,11567.894879
-7681871.800933,-8164075.428538,-965787.598612,4164184.837673,-5632557.017088,13282068.134309,17343694.500301,-10477301.214565,-7163192.998752,11040202.113005,5544721.402143,601952.027094,-6349226.200970,-3250820.095106,4304799.199197,-8693624.856475,-3882316.785517,-1196232.687802,-2247496.762178,11118046.998465,-1177193.459015,-2973399.942236,-3840145.460812,-1684032.429702,18968030.006899,-6845698.481043,-4203473.464115,4677304.943707,-3907635.364897,6205027.158591,-6207403.781136,-7555768.962349,6443911.303755,-5160847.626001,10509437.696445,-7924205.656851,1286315.062836,-2077264.714745,9737661.800959,-3010042.629513,-7037826.816406,6040122.918972,-4221043.181107,7323770.374352,-4846355.732952,-5218174.685918,5731390.870338,-1552328.322840,4260260.417450,-5986894.311632,6024684.224703,-4632902.666859,-5913315.406544,12650092.861039,-2240810.637414,-7501403.237513,4168555.770928,3416547.624849,-8173278.750222,6966896.159198,-1735656.174926,-973417.822222,9055.992706,2362932.572788,-5113879.291924,6493874.854498,-5031992.744465,3070665.619025,-5386814.888471,10153322.268892,-10070674.372842,5984973.475911,-2212153.248418,-1322384.753379,372603.178675,6107290.284456,-8617811.937856,4615869.776988,-939404.845290,13142.022411,6734.047201
-6955827.489238,-7793146.200995,-1125025.893393,3898562.652295,-5487649.495249,12401015.540378,16867701.601431,-10285935.166056,-6761397.589261,10809445.422473,5193790.447149,788376.979266,-6275377.490678,-2899809.251739,4040079.534153,-8161173.699833,-4012934.836367,-1417024.199098,-2243212.046374,11097499.508049,-1073291.804900,-2639225.520794,-4005641.056936,-1524894.749278,17828169.274919,-6393797.456329,-3750570.201660,4463180.349322,-4143858.013882,6219971.954181,-5907549.830594,-7332299.247568,6081137.824247,-4943155.864235,10311173.643232,-7776652.894792,1654860.299218,-2364747.166390,9186072.840714,-2900754.039087,-6722509.351945,5958177.976540,-3829069.903251,6833941.375908,-4675880.829937,-5261795.200316,5821852.451735,-1561632.127129,3910636.416714,-5220865.110052,5242016.175790,-4569918.426173,-5156463.637275,12074846.396214,-2440703.787695,-7096355.503824,4022867.114424,3369115.517873,-7952269.751522,6653326.047910,-1571923.428359,-957227.202123,-16022.100973,2313777.772676,-5036105.537577,6480245.392845,-5123136.132845,3185210.549232,-5364916.112813,9948069.448428,-9852151.389338,5928319.692574,-2429803.045999,-836946.044284,71937.091889,5812072.463900,-8089676.163219,4365471.614967,-931728.858571,36862.636197,2269.777239
-6198112.604293,-7359783.068353,-1239487.353130,3606486.462796,-5273240.777330,11440118.830561,16199423.210504,-9974275.372464,-6309444.565099,10439127.931467,4794707.199736,932702.327005,-6138890.294400,-2529476.631061,3759942.416897,-7559798.156852,-4066311.330023,-1605619.944363,-2197315.564437,10929437.035299,-961124.352162,-2300183.843222,-4108477.715014,-1352077.016768,16545985.257555,-5899513.951629,-3298834.538054,4198696.842724,-4309771.234683,6157415.952331,-5556170.986500,-7011620.178172,5666096.359032,-4676681.132154,9992101.891823,-7531227.277556,1970379.292829,-2591290.415256,8544303.848623,-2774978.608291,-6341210.646497,5805894.947606,-3422637.628447,6307929.276608,-4441786.209057,-5248906.303870,5817353.953302,-1537754.776845,3532428.320033,-4446318.231369,4448943.465733,-4436532.070609,-4413452.385507,11406090.239833,-2603435.914378,-6629582.568325,3836579.476486,3282477.081808,-7640941.652556,6272485.299481,-1405674.326355,-920978.161537,-39760.057673,2233465.033820,-4893242.753194,6382341.633278,-5145397.209111,3252272.231489,-5270519.361970,9618069.488149,-9508187.462814,5787218.522127,-2586890.018907,-395033.392589,-196160.274157,5471331.140156,-7511334.549748,4084746.551896,-913090.958126,57761.357951,-1776.425373
-5425814.325463,-6874108.802058,-1310533.234948,3294219.913846,-4998921.489520,10422105.450791,15362368.326617,-9554042.752467,-5818967.759798,9945804.759743,4359587.871527,1036271.249329,-5943443.381124,-2150799.435282,3468577.281305,-6906952.715835,-4046028.373589,-1757985.306121,-2113357.064552,10624555.019111,-843919.687763,-1964090.851740,-4148926.231406,-1171333.663044,15155802.778517,-5373858.068443,-2856891.818172,3892980.466618,-4404475.503905,6022317.378551,-5163813.154312,-6609104.958456,5211376.954176,-4368474.673474,9564459.487424,-7198110.635827,2228143.672280,-2754577.743419,7831261.497093,-2635974.521960,-5904353.447367,5588833.048025,-3009975.499899,5756673.128041,-4152970.491421,-5181767.713116,5724952.319572,-1484810.473908,3135466.859134,-3680630.448823,3664200.223999,-4239966.881769,-3698745.673908,10660191.924910,-2724445.625041,-6115125.328815,3615877.546973,3159773.235214,-7250040.848685,5835986.663937,-1240116.734883,-867260.587801,-61704.610123,2125978.460625,-4692515.798157,6206802.976185,-5101229.746011,3272349.576108,-5109273.477954,9176821.653603,-9052898.851838,5569709.738670,-2684465.445504,-1831.154380,-428590.306562,5092993.396285,-6895145.757359,3780059.602046,-884424.199169,75658.195632,-5363.063127
-4656742.199446,-6347728.737479,-1340638.831324,2968819.995302,-4675419.650267,9371430.225543,14384180.353685,-9039713.708220,-5302718.662295,9348923.682026,3901546.659632,1101380.955790,-5694275.126837,-1775037.001358,3170556.516712,-6221418.930044,-3957236.733543,-1870772.398457,-1996070.278375,10196629.778357,-725082.355338,-1638626.831519,-4128467.311764,-988642.740442,13694737.353434,-4828742.981853,-2433190.296728,3556109.274038,-4428718.339209,5821144.194541,-4741946.386391,-6141849.232449,4730445.837147,-4026699.943764,9043132.031740,-6789683.044452,2424803.021759,-2853826.842176,7067804.892175,-2487181.243930,-5423930.643696,5314120.899497,-2599610.217695,5191839.224773,-3819900.951227,-5063440.913281,5553551.523716,-1407620.582180,2730135.164124,-2941279.130183,2906741.532772,-3989156.908597,-3026182.883059,9855525.257634,-2800350.520379,-5568066.831069,3367760.667746,3005029.252284,-6792309.127349,5356876.843653,-1078494.788717,-799033.615905,-81504.771577,1995973.665575,-4442489.103016,5962000.455295,-4994516.526710,3246965.953829,-4888443.534531,8640589.144831,-8503133.799583,5285628.894387,-2724874.026837,338428.231452,-622993.467797,4686036.078006,-6254612.605676,3458452.772278,-846897.787208,90431.358695,-8457.086299
-3908875.624534,-5793291.177726,-1333219.787035,2637891.030217,-4314221.260708,8313387.406135,13295596.928461,-8447952.751125,-4774198.182361,8670189.612184,3434297.613714,1131210.284876,-5398049.433839,-1413255.918827,2870696.022556,-5522793.328089,-3806518.388557,-1941480.985387,-1851167.489427,9662194.677754,-608102.240552,-1331089.065776,-4049739.554187,-809988.459501,12201361.291486,-4276589.847625,-2035711.202240,3198906.065138,-4384933.516564,5561628.950676,-4302547.656362,-5628137.849401,4237168.412390,-3660401.912084,8445227.429046,-6320168.060899,2558615.790715,-2889842.545957,6276018.338116,-2332058.647415,-4913128.907291,4990101.738471,-2199961.204315,4625390.288321,-3454167.316547,-4897782.752517,5313543.234095,-1311493.333386,2327188.758012,-2245441.615487,2195019.614976,-3694353.710015,-2408346.885826,9011726.594699,-2829107.182829,-5004018.950061,3099838.278944,2823090.109401,-6282252.520124,4849422.880952,-924111.282396,-719489.836316,-98925.839157,1848616.153823,-4152792.395627,5657786.744953,-4830445.810338,3178595.839790,-4616630.588271,8027821.555761,-7877927.728269,4946337.873365,-2711721.116409,622636.159328,-777833.601339,4260149.047872,-5603885.757195,3127382.914560,-801864.519771,102016.050958,-11034.148527
-3200455.911767,-5223936.608363,-1292007.386308,2309449.365176,-3926929.505119,7273494.695652,12128708.209633,-7796513.324526,-4247924.756415,7932858.638598,2972194.073638,1129775.948170,-5062687.753804,-1076043.885070,2573910.393186,-4831724.745833,-3601190.992334,-1968097.832150,-1685071.461851,9039831.895692,-496701.325311,-1048383.592985,-3915845.142472,-641364.140529,10714597.619688,-3729881.640239,-1671974.790025,2833109.989320,-4277133.741297,5252123.579332,-3857872.737194,-5087302.668340,3745589.246318,-3279035.189137,7789560.529254,-5805103.150151,2629375.091010,-2864486.951112,5478568.760039,-2174102.084167,-4386027.239607,4625325.232405,-1818679.663874,4069094.358527,-3067517.558097,-4689351.463091,5016016.330731,-1201996.471913,1938103.864912,-1610701.956641,1547120.018608,-3366559.806979,-1856291.672305,8148702.819540,-2809815.618728,-4438726.632847,2820258.770367,2619320.417603,-5736000.294825,4329617.782845,-781123.156503,-631640.086624,-113885.771839,1689506.008506,-3833961.327612,5305155.260935,-4615052.726146,3070231.751349,-4303133.127984,7358191.486122,-7197747.397285,4564424.390800,-2649710.829267,848689.474480,-892219.440535,3825270.422544,-4957221.201426,2794421.317639,-750772.089792,110386.909107,-13076.238818
-2371676.491436,-4508181.437631,-1198225.273693,1978615.417874,-3492818.282021,6055818.372066,10610687.161021,-6898157.842912,-3656653.743859,6940257.710547,2394884.902904,1103602.595420,-4647427.589157,-738230.897000,2182375.318967,-3952699.885478,-3240591.652937,-1929592.865652,-1458647.022571,8245821.248162,-322750.258725,-746364.885207,-3674003.214822,-504182.462970,8789587.981587,-3001170.990955,-1337618.317011,2425326.876494,-4026255.114938,4776180.279017,-3286834.580862,-4478303.806828,3218674.692204,-2715384.050163,6868671.777940,-5095012.630677,2602272.558595,-2773392.740757,4519743.010238,-2030414.631977,-3669308.152387,4097727.499153,-1334748.905879,3351775.295426,-2530072.892440,-4405505.697405,4621978.047923,-1081122.226730,1473568.423688,-928501.343354,878166.862288,-2918112.178079,-1322189.878602,7110226.174356,-2709249.986841,-3795700.635874,2491492.312763,2355683.358315,-5041299.703708,3653906.653846,-558026.889939,-556871.588716,-119958.241839,1475721.004552,-3397900.422855,4797146.143866,-4266283.544170,2874525.082336,-3858916.820116,6454955.056315,-6292905.131416,4059233.053183,-2546301.249217,1099517.158438,-1003503.572703,3242962.262961,-4110504.852221,2356721.319212,-680395.969950,119620.849707,-15474.605122
-1582398.235708,-3730906.518765,-1056366.071349,1695410.806864,-3035661.264520,4827743.722915,8890896.808022,-5832327.496808,-3124921.030813,5840716.487001,1834154.327237,1083312.770396,-4195172.734052,-484349.418004,1743977.067363,-3073696.962188,-2753437.839015,-1766907.616501,-1213199.729421,7349345.720489,-141639.345528,-483747.313168,-3295883.369474,-434121.097961,6713770.449103,-2185484.128089,-1083835.223093,2060396.184549,-3660006.153632,4181511.213967,-2681150.879755,-3924210.527095,2734458.707150,-2038726.408926,5810119.306927,-4287673.258643,2464838.345827,-2581279.477654,3531825.058818,-1904696.883131,-2868796.032884,3437834.599161,-808902.124523,2551321.112971,-1899931.007115,-4040999.006535,4158386.761904,-978096.153658,1035479.150530,-365574.862065,329380.678301,-2389544.167140,-889647.088911,5993268.528914,-2517751.061817,-3138667.838749,2141538.490979,2063324.825514,-4310529.714509,2974499.858090,-344431.712180,-477921.727203,-128184.429637,1249390.076772,-2915922.659196,4197158.629884,-3806817.175992,2594726.196379,-3324811.044180,5417944.984800,-5270865.147335,3494889.777948,-2408473.127090,1328420.590052,-1080477.126308,2568935.696348,-3154695.920976,1859836.476437,-595601.437414,127382.459662,-17755.291013
-994535.377978,-3082336.211959,-920219.300201,1451367.277114,-2620219.313346,3848678.845332,7416105.073634,-4913132.236769,-2691952.280567,4906912.093721,1399347.889938,1044647.928267,-3762280.134589,-299595.641530,1387924.172651,-2390996.254152,-2314648.169542,-1587046.183720,-991983.463282,6489909.472744,-16900.347134,-286469.656551,-2927674.098446,-381700.657291,5077426.445198,-1548383.400902,-882730.137394,1740306.818317,-3298860.780228,3656877.488831,-2190620.788365,-3429659.075574,2319453.589635,-1503369.887903,4907942.125277,-3594528.937460,2291890.533882,-2356061.949533,2720698.210095,-1765443.235814,-2218471.158732,2869232.418398,-421388.176498,1921751.475305,-1396551.759454,-3663892.538851,3704443.710048,-877088.134405,702868.543357,18512.604065,-38982.259370,-1947422.257277,-585949.114296,5053329.046085,-2305042.451248,-2604030.686210,1844254.541655,1798393.504746,-3671422.663779,2405532.532037,-187485.412493,-393376.274727,-141624.516303,1052757.726780,-2484697.247030,3649213.690384,-3376521.205288,2327737.425384,-2852009.940392,4522093.519338,-4387386.181054,2990094.545403,-2232604.722364,1432104.936678,-1088571.006483,2021615.401141,-2399690.814916,1461218.716339,-519097.797728,128784.861695,-18772.516195
-568633.038794,-2544599.320400,-792919.472142,1240531.018099,-2246071.578516,3074882.387393,6160091.625250,-4124157.889371,-2336308.837596,4115594.442501,1066622.076220,991625.024225,-3351448.176759,-168217.791776,1099526.094614,-1866027.688128,-1924035.420019,-1400130.028622,-796840.743899,5676665.442592,63829.601782,-142639.978615,-2576205.793735,-340793.145498,3805392.663483,-1060409.795794,-722294.258722,1461277.722589,-2948310.592478,3192734.578603,-1795404.000698,-2987610.491997,1963336.629037,-1086127.160817,4138684.377800,-3000410.840823,2094820.774726,-2112230.606534,2062906.993863,-1615634.180247,-1696740.170292,2382889.125084,-148106.001519,1433457.451537,-1001174.869791,-3283251.466689,3267373.231066,-779641.472664,455713.908626,263786.266871,-267330.468137,-1582047.006195,-380239.097609,4263506.098289,-2081873.490203,-2169578.681634,1591071.875969,1558893.062722,-3113543.831352,1930852.820349,-74079.417193,-310119.738444,-156625.742566,882746.690278,-2101307.065019,3151225.359066,-2974997.998142,2074000.323929,-2435101.532415,3752854.564884,-3628290.751156,2541089.690028,-2031987.222211,1440028.820608,-1045404.912790,1582202.665161,-1812890.494693,1145533.308810,-450445.662982,125295.101498,-18803.266057
-269821.318181,-2102189.612246,-677239.244407,1058475.444067,-1912712.032652,2467827.638057,5099480.269704,-3451027.931201,-2041460.568348,3447900.253363,815937.123444,928876.334701,-2966643.884015,-77382.083299,866495.855442,-1466220.212571,-1581380.458743,-1214362.485855,-628978.666214,4919346.221199,111030.964953,-42015.760178,-2247328.281749,-306632.874653,2830990.941609,-694474.417153,-592803.664113,1220671.915850,-2614851.929873,2782344.739377,-1478677.773618,-2594038.392525,1658147.868294,-766039.983764,3483195.450262,-2492866.724679,1884848.246283,-1862501.019007,1536735.773354,-1459107.612968,-1284294.730204,1970823.736020,33086.226570,1059794.598915,-696088.512224,-2908491.521323,2854609.188787,-687675.824817,276326.326119,405558.631895,-391796.353060,-1283636.245723,-246135.120978,3600714.068890,-1858620.559772,-1815344.575099,1374347.996641,1343856.509479,-2629237.699723,1537857.265912,5982.358491,-233219.745492,-170549.842279,737203.836453,-1764271.529100,2702881.706547,-2603325.442081,1834892.671893,-2069815.989367,3097524.515683,-2981129.394697,2144931.497602,-1819186.334806,1379298.657417,-967078.261759,1233329.849517,-1364220.637405,898682.064389,-389345.387575,118327.952154,-18113.580703
-67611.688726,-1741602.253915,-575506.754110,902034.313767,-1619412.618824,1994042.979941,4213241.763102,-2881017.180913,-1794983.522591,2888174.929970,630054.308153,860903.863926,-2612208.581929,-16496.412304,678820.479656,-1163670.692141,-1286014.007767,-1036845.984520,-488429.171840,4226665.254733,133638.377251,24551.356409,-1945935.061053,-275756.665041,2095325.848957,-426014.612758,-486393.068561,1015991.263491,-2305007.589200,2421026.235972,-1226141.848892,-2246202.992551,1397700.859920,-524630.607042,2925721.423559,-2061360.862296,1672382.230642,-1617952.920545,1121970.635205,-1300132.768702,-963738.757845,1626144.989265,141948.798494,777440.086996,-464991.484115,-2548743.112103,2472959.146089,-602951.312150,148909.306933,474782.180190,-443986.109612,-1042705.519774,-161828.221017,3045574.002898,-1644624.246751,-1524161.008364,1187690.718252,1152610.813890,-2212100.316100,1215813.882463,60964.789164,-166328.145297,-181406.494965,614116.486205,-1472136.641875,2304190.223856,-2263263.380106,1612429.371240,-1752669.454549,2544680.537245,-2434646.487862,1798986.874349,-1605279.222277,1273761.881131,-867683.253747,959209.462643,-1026470.276627,707895.916127,-335552.234086,109186.452580,-16948.136299
52241.882089,-1460554.154939,-471963.845503,791071.777965,-1360324.805580,1651773.529838,3430933.994044,-2331923.727240,-1629070.362680,2384867.673752,491344.324958,758014.763357,-2294331.596704,20780.997875,534824.333256,-922243.240741,-988003.849133,-857134.535540,-327276.378148,3530049.238966,153858.081995,38504.032438,-1638035.625977,-260700.512427,1516502.364700,-224546.383422,-426467.169456,851566.010991,-1983684.215154,2089441.500527,-1024459.050716,-1941783.721192,1198746.814870,-323074.562828,2365606.464115,-1628534.398303,1416483.577212,-1334008.358380,771986.677464,-1145544.971010,-686761.277173,1317047.074047,160655.590331,570638.383423,-243996.934841,-2200196.630434,2077509.256314,-506368.790717,67707.117508,454953.789108,-417109.157913,-803219.890306,-185390.538283,2590263.053468,-1402335.146349,-1320538.299171,1038598.157662,987446.221378,-1851197.682205,924919.774046,136109.753776,-131896.963360,-180810.093636,491461.996350,-1176592.772030,1893933.930665,-1907479.802079,1379720.203901,-1442265.265401,2011695.464881,-1899722.416730,1439792.323771,-1335400.878809,1074817.179309,-712184.384819,719063.340943,-754856.290523,547289.021325,-281819.381509,96765.365390,-15176.713887
87447.539400,-1266252.478215,-353701.559602,739810.234998,-1146074.482698,1455570.100143,2759740.448208,-1816042.963358,-1595745.931520,1971414.009399,415324.032810,650110.999613,-2055957.987033,20885.351217,445090.468503,-782732.444412,-685487.376255,-665205.690691,-144169.013976,2891676.674141,158386.365864,-841.424558,-1330939.328062,-273775.063587,1110986.376575,-75769.247344,-439618.770295,751531.504045,-1693256.523261,1822895.139644,-900934.010786,-1735895.137983,1085884.984535,-146973.343732,1847449.203626,-1205194.316702,1136622.319156,-1006380.086973,478346.877108,-1028675.376375,-468698.753442,1037224.333646,121419.238339,424531.261124,10792.480467,-1909069.870220,1694340.543792,-409049.697316,26715.426715,343327.385988,-293438.942991,-571638.496377,-331023.794405,2259889.904616,-1147336.239182,-1208861.970257,933405.149769,857146.255643,-1573752.329786,707066.153567,186870.276307,-97198.722352,-186423.734774,389785.543951,-918683.113845,1522404.472560,-1571419.425869,1152315.671280,-1147213.339323,1509763.504172,-1390021.478638,1085865.119235,-1033945.455035,802745.354421,-509825.430841,515324.826724,-551800.786521,421863.932095,-233028.743109,83243.285894,-13159.694182
122685.954499,-1123752.362044,-269811.797848,689149.918307,-995829.013360,1309515.565385,2290063.307196,-1465404.400438,-1566537.796805,1688180.483695,359496.404638,580359.302075,-1886391.813792,33588.428852,381391.878757,-691949.206901,-479496.260372,-538968.313640,-11425.622363,2446255.874864,152504.741115,-19934.568403,-1128308.050706,-274615.290982,839513.260406,24623.138256,-442708.334847,674029.120027,-1501403.272434,1650784.474461,-815844.669214,-1583444.198516,989192.005522,-37319.807172,1501672.604044,-904739.139018,948118.309048,-785221.334196,267605.080883,-936136.197207,-328036.418367,845120.586210,96786.381414,319041.751024,193438.002654,-1706821.838856,1423792.940508,-337125.932259,-12078.988901,279206.293949,-205140.509240,-430648.786090,-417781.580471,2029645.028018,-971593.111107,-1131872.693766,860435.271022,764553.242490,-1372401.035851,546491.296652,218418.358186,-59285.842784,-198495.231244,317305.316617,-734476.516180,1263982.482517,-1343090.010251,998377.956476,-943296.454088,1160403.308084,-1033102.774841,837943.337227,-821781.383082,604302.560600,-363319.152341,386506.783357,-432391.716972,346763.922676,-201049.840963,73450.630091,-11663.922066
161615.881744,-1028707.396484,-218627.847270,645495.667942,-899678.973135,1203753.383577,1988929.467380,-1247173.000189,-1544198.673088,1511549.566381,320775.869997,541267.340340,-1777590.169271,55382.306445,337440.306013,-633764.647627,-352421.798475,-466302.016295,79262.756914,2158705.538449,143199.876174,-24995.279750,-1010883.869077,-265369.402982,664410.061812,91214.768602,-434593.374085,617773.307131,-1391857.381789,1554180.121016,-760216.348838,-1478723.537335,911252.365853,24753.793694,1287742.672896,-704203.661369,833589.662724,-650049.086108,121000.445332,-864699.927955,-244594.904854,728137.407415,79396.958453,246139.590138,316483.013197,-1577637.319416,1247935.218184,-287420.017178,-49175.563817,258216.863087,-156411.695140,-354713.726999,-457368.380079,1882202.373917,-866654.921468,-1078760.537461,812914.392949,704593.599352,-1236446.706187,432457.002725,240627.300784,-26241.412978,-212598.460803,268798.793612,-610941.474501,1097093.678267,-1201332.547763,904545.468447,-814381.501953,934417.614781,-799148.307671,675920.145226,-683965.629416,470775.817835,-265093.382426,311789.812464,-369863.096186,306913.520539,-182268.297205,67092.501774,-10671.887179
207038.121269,-974499.731498,-196295.850163,611087.874748,-847243.509372,1129171.083479,1823105.859211,-1131957.535497,-1529625.269117,1418988.414840,295278.503675,526693.018613,-1720422.404288,84321.236219,307377.956619,-596261.947909,-287305.434596,-435769.951474,136624.411001,1995916.143798,134718.373100,-20276.605337,-961495.988636,-247809.541842,555763.511936,135589.697593,-415353.153755,579560.560154,-1349251.885552,1516883.584264,-726806.607604,-1414063.009960,851461.714968,54519.536057,1171812.835153,-582035.565050,777297.016963,-582015.226634,20982.188343,-810696.819719,-201435.579372,672554.202624,64998.886744,198190.610101,392389.561597,-1506715.973068,1148687.436404,-256155.293629,-85487.853354,275027.506600,-146716.436668,-324379.015238,-459730.831558,1801111.711416,-822350.736146,-1041604.753984,785173.976709,671765.856539,-1154071.526266,354047.022243,260161.541000,-1320.554869,-226914.688367,239435.001187,-535855.124987,1002768.100702,-1127934.949878,858725.644442,-744973.490825,804336.546963,-660320.653891,581070.626162,-605949.912242,391780.672176,-206787.732325,275208.053076,-344946.449788,291308.036503,-173709.957569,63751.683977,-10136.719250
232201.825900,-989252.482824,-177556.699189,617513.567143,-859842.787262,1147188.769303,1806983.993465,-1113551.248149,-1593304.959033,1424980.493765,296374.352447,532008.175674,-1764152.825658,108403.221081,316587.040511,-613538.243517,-262179.561187,-439009.479426,189362.860326,1989935.092985,130371.164448,-28155.055578,-975918.778612,-247326.922119,542358.650852,155236.760841,-438027.429837,583679.031458,-1377993.119259,1569892.969724,-745538.898154,-1434195.965821,853834.317054,62031.187655,1160623.095259,-530010.434076,770651.970215,-558569.406495,-33060.799216,-819409.383181,-191421.232340,668049.637355,54889.997361,190606.063190,465147.043132,-1545013.631035,1132639.160909,-239619.093356,-105038.884454,282266.188243,-134040.960636,-321002.606052,-497928.462338,1846384.711592,-825760.917335,-1079777.855685,808353.439968,684368.031247,-1158651.091730,326159.517309,274852.209009,22462.742831,-247650.460933,229732.099549,-510564.638316,988356.262328,-1133771.567440,867750.502435,-734096.611046,760139.655836,-602225.570685,543332.208174,-574364.700983,342065.033303,-167880.418041,274846.794197,-364532.345299,304317.336519,-176520.130378,63600.164781,-10081.647116
245242.124715,-1047176.246488,-169213.114076,653226.694963,-910813.477394,1225407.635718,1882791.637603,-1153739.699156,-1720041.871673,1503800.736868,319640.153238,558162.520731,-1872442.289772,122835.862373,343879.682966,-668164.860044,-256856.182047,-460789.441894,236653.740072,2077570.747617,129031.111557,-38558.592373,-1028209.233512,-262683.224314,582417.011175,166457.025033,-479893.455737,618341.089113,-1457543.888931,1680701.592446,-798902.411624,-1523128.259331,901491.322255,61935.010669,1214070.669102,-521121.697100,799903.765082,-565738.103140,-62150.188220,-864097.031416,-201531.871896,696275.722312,45924.196535,201569.687848,536135.246177,-1643500.741083,1170707.486934,-237771.494044,-115462.487252,283537.581347,-115221.530726,-335589.462298,-560250.644566,1971012.812189,-858727.819015,-1166483.070390,865347.658272,726245.563904,-1221096.411831,330133.006765,292060.556367,41343.523642,-273461.067639,234680.559343,-517909.094485,1023299.531370,-1187375.199939,911371.279026,-760014.774094,767862.872512,-594993.981689,544100.904177,-573347.630664,312686.761472,-143115.741926,293078.581765,-404128.063935,331091.272553,-186173.222238,65786.563293,-10393.894923
261374.032771,-1131389.373855,-178758.239122,705126.887367,-988057.242250,1331423.316491,2028708.236548,-1240103.236806,-1877576.443283,1633563.065468,353501.719622,602955.583245,-2021188.374683,135672.702282,375510.645355,-736329.703337,-273200.113323,-500114.992502,271122.287270,2232053.764106,131599.110274,-43980.105050,-1111528.215935,-284310.178691,645032.525647,176387.318161,-521423.136622,671796.063504,-1576689.294056,1826904.278719,-867724.334691,-1652338.099268,972286.603814,54897.492333,1313328.933101,-547502.773250,858027.000022,-605454.160803,-72259.988772,-922362.157741,-225686.543202,753090.541517,37726.483463,218449.886186,593063.728242,-1773352.176472,1251493.426388,-250109.487779,-124356.482302,296871.087544,-107024.683061,-370035.974508,-617277.153742,2140154.534710,-919593.464214,-1275628.718973,941268.995360,787467.730328,-1320865.547052,351526.717802,317863.955993,51693.082050,-301484.327564,248800.584779,-545877.274338,1091240.028742,-1274423.617982,981127.060339,-815734.115656,817667.438767,-629405.000234,577781.888448,-602596.920894,309661.085427,-136004.031028,323316.360362,-453953.412920,366327.910464,-201101.613677,69959.282824,-11022.640677
284261.719204,-1243348.763533,-202339.673600,772498.151674,-1090943.518553,1466817.230296,2239531.125359,-1369832.401538,-2070100.120349,1810769.681270,396782.357477,667489.882127,-2215745.572847,149495.477794,411324.735727,-819045.130026,-305060.735568,-554760.516690,297447.483975,2450560.932397,138371.398341,-46165.095297,-1226967.245645,-311323.590178,727786.176443,188412.738377,-565551.893952,741882.457328,-1738079.943596,2013859.568419,-954422.412683,-1823101.145515,1064847.918575,46824.093872,1453503.127159,-600679.350744,943058.775116,-671597.275161,-72063.196748,-998596.952264,-261011.544024,835653.691616,31975.003621,239471.832812,646112.762854,-1939328.631551,1373438.567146,-275360.862693,-136491.294659,325223.734396,-107634.118003,-422374.248397,-675357.072518,2357997.301798,-1009389.468868,-1407532.021279,1036702.725840,866467.449945,-1453549.596099,385755.743962,351916.031071,57008.704659,-333663.170782,272893.412305,-595479.530586,1193073.443798,-1395483.150949,1076613.116447,-898624.566881,903163.848891,-696596.699275,637644.692474,-657915.272259,328350.859246,-142725.067925,364713.371086,-514924.855029,411022.953065,-221880.854823,76322.808285,-12000.499338
337715.216286,-1401993.748423,-246503.828957,858577.288047,-1228699.777095,1633460.585012,2546621.534464,-1566500.598057,-2309933.051680,2052599.330744,446158.011331,762383.999247,-2489650.068924,179057.904198,453504.712323,-911790.992525,-361879.175558,-636504.504642,317448.056810,2764320.079748,153522.038874,-41750.818885,-1401269.203319,-334552.102241,819934.773512,212528.659701,-606254.819319,827406.604441,-1976181.231228,2274141.881576,-1067697.846453,-2043397.466321,1180178.637914,42903.317699,1649960.459386,-687890.992294,1073967.736776,-775437.697600,-80200.673809,-1102610.683699,-305015.132817,963038.933837,28135.269099,265525.453569,702286.393072,-2169670.143656,1557179.768386,-315194.182768,-165648.114139,401693.726211,-149176.283029,-495382.594610,-722407.012904,2649696.265293,-1162015.182006,-1559119.654639,1157603.964768,972365.840088,-1629257.315428,428204.309337,400880.135999,60941.588735,-375744.537726,310948.642647,-676661.065637,1350323.894357,-1577650.493131,1219222.422891,-1024138.292365,1035755.868088,-801321.983604,729556.297245,-753185.649272,382979.931985,-170845.458790,419236.461030,-588070.328534,468570.842385,-252361.484306,86644.853256,-13617.470117
412989.587148,-1601988.361723,-305137.884795,965358.781075,-1400421.029120,1836679.735314,2934712.397892,-1816033.684683,-2608308.810390,2355706.457086,505205.704286,883674.820058,-2837197.701735,219121.732600,503755.965936,-1022055.499385,-434267.615869,-739989.631185,342079.406278,3159963.317280,173119.149712,-34267.023979,-1623859.827399,-360413.999459,926443.461498,247759.253134,-653776.771899,931960.129497,-2281297.555833,2603327.211940,-1207831.424409,-2316204.495834,1322962.109026,41257.017911,1895044.611340,-798202.632495,1239440.411604,-907235.237054,-95572.925286,-1232599.492527,-357152.019366,1125807.017102,23064.398638,296827.028129,771701.551145,-2459692.450264,1790454.639520,-365703.375951,-206771.187621,507790.932451,-210864.389058,-586661.802612,-775362.793311,3014985.413447,-1359981.462917,-1743809.447025,1307709.716269,1105077.062031,-1848034.368655,478674.897837,463897.763700,66005.038890,-428877.798632,358776.981954,-779597.113661,1550904.519484,-1810752.613790,1401750.545564,-1183167.824077,1201869.551980,-932358.030194,846138.776683,-875941.320378,456087.366363,-209024.790036,486508.081810,-677597.262139,540553.209683,-291503.163138,100100.259664,-15731.159540
516589.232648,-1856196.254217,-382505.762235,1099413.365546,-1618626.142872,2089990.791629,3430066.966274,-2135155.969826,-2986787.747932,2741622.409630,577625.390842,1040475.801478,-3282782.405491,273224.016855,564830.257710,-1157532.033221,-526703.846238,-873065.853089,373909.661056,3664973.748335,198971.454006,-23228.549011,-1911302.600383,-390938.803310,1054027.310320,297712.467136,-710784.892578,1062917.231828,-2675706.166894,3024992.384046,-1384427.100604,-2661454.563154,1503207.162479,41786.660931,2205574.285771,-938307.651984,1451454.084583,-1076349.362830,-120488.429058,-1396942.574424,-420775.933622,1334710.277480,17178.586625,334018.985111,860274.609378,-2829569.128310,2089980.260809,-430833.041584,-263726.569140,652058.223914,-296757.219232,-703205.739627,-837999.243438,3479335.136918,-1616476.341806,-1975139.019789,1497794.131548,1273701.784472,-2124697.564916,539828.035758,546097.587653,72478.162154,-497028.564870,419787.771450,-911347.202912,1808569.602171,-2110794.650689,1636805.718795,-1386508.033688,1412263.440028,-1097871.551640,994823.758692,-1034230.205645,552462.906688,-259822.892638,571260.292446,-789983.620788,632235.736906,-342120.536695,117633.282635,-18489.161197
646774.966735,-2188698.819173,-475288.035962,1277406.020105,-1906882.654245,2430801.962097,4072673.685979,-2545923.345108,-3492830.959862,3243388.900166,672901.673039,1242034.747731,-3870551.458955,340568.933563,647150.573757,-1339485.165279,-639186.201355,-1043822.948773,422890.074477,4328634.404696,233231.459003,-13423.948486,-2283169.677418,-437272.378117,1222925.221297,363867.454989,-797778.981128,1238574.171318,-3188132.114616,3576649.355144,-1619566.567641,-3120289.696550,1749628.634818,46523.141022,2608142.118136,-1117426.171385,1724629.360441,-1290383.184667,-152598.755406,-1622989.535987,-501115.950376,1600874.137615,14212.365490,383499.047257,987433.539632,-3323557.018953,2482796.481324,-516050.099125,-334867.343172,828420.316470,-397034.727491,-849629.576331,-936905.238436,4092797.154216,-1942074.145535,-2291107.338189,1752168.599202,1496158.379034,-2490451.954280,621340.582600,654088.006151,80695.318064,-586054.678846,499208.089801,-1083330.952396,2145114.875023,-2502243.874832,1942378.857277,-1648658.685216,1681153.239582,-1308033.074745,1185094.017500,-1237715.293615,674321.768576,-322567.775239,680345.868370,-936968.005860,752534.813049,-408426.305193,140554.549367,-22094.174529
818161.127101,-2636430.776876,-589525.095928,1519605.943656,-2298083.870743,2899255.604046,4930210.314114,-3090557.204537,-4186614.681067,3913870.164146,800788.682153,1508806.038975,-4669285.833403,429952.078433,761285.586225,-1589349.215597,-780649.587381,-1270296.113009,499069.040935,5225320.289902,280816.164699,-6155.240466,-2780271.955381,-506008.786133,1450223.696575,455115.142657,-929185.666783,1479448.958578,-3875742.997132,4320593.506293,-1940657.893951,-3744066.182718,2092203.303492,57282.582525,3145670.873652,-1352521.129196,2088077.821992,-1569112.119435,-198352.084073,-1940577.741048,-604624.298516,1950140.263680,16092.803274,450875.574594,1173864.780781,-4001835.016610,3012269.585995,-630010.806056,-427925.152234,1053501.678942,-520046.262033,-1039256.467406,-1089072.603349,4926243.094740,-2370207.793572,-2731845.892539,2101514.378267,1797957.440683,-2986657.510859,731524.244161,799841.002357,92939.697136,-706420.794356,605122.650129,-1313636.487480,2597660.811624,-3029137.737737,2352495.542021,-1996827.985231,2034112.846507,-1581420.002068,1434879.772904,-1506819.484524,832990.374045,-402392.743044,825035.841175,-1134840.972525,915030.551037,-497930.275063,171456.502470,-26953.835626
1072623.079917,-3262384.016566,-748650.854099,1855044.498292,-2844842.481278,3545708.159369,6126402.639387,-3850761.218803,-5156514.386638,4847068.265517,973371.798776,1882527.522381,-5795467.689544,565626.607685,919450.507626,-1931547.946671,-977594.852639,-1590133.206730,612335.694527,6480990.456516,351504.111836,3630.384380,-3483261.928948,-597400.494624,1751625.796172,592082.710642,-1110007.933277,1812811.437859,-4848392.119771,5367347.665795,-2388017.733460,-4609713.467285,2567907.289270,75510.865416,3894189.989544,-1677074.678009,2599985.881705,-1957215.396849,-277404.205913,-2386575.710908,-742157.905818,2437560.572855,21512.601015,541643.381054,1442972.652281,-4958326.917137,3755157.702274,-788189.140078,-565989.056853,1383087.171614,-706225.513918,-1301211.195433,-1296660.208034,6092979.261771,-2976516.388849,-3345295.784546,2590491.253339,2220700.531046,-3677881.157075,878748.669160,1006334.132195,113168.649216,-876733.067584,751998.085147,-1634716.521453,3233643.504290,-3772753.876313,2931464.216866,-2483510.903813,2521146.341536,-1955336.239295,1779626.541438,-1883494.545554,1057919.189573,-515520.117575,1024889.487684,-1408576.605050,1142081.175810,-624259.563106,215298.741237,-33854.121175
1476523.757483,-4192327.082465,-988470.698165,2346012.765159,-3645001.471774,4483128.974613,7893786.010619,-4975653.481719,-6586846.607221,6219752.086133,1217023.468011,2439019.552929,-7480978.483705,789406.164451,1150944.687019,-2423692.123336,-1269631.712924,-2066968.469110,789094.669074,8333641.359663,462570.036555,17870.498325,-4535480.336767,-719873.706361,2169666.452608,811509.381181,-1365909.469452,2295473.067686,-6312245.533770,6927308.897088,-3046776.527871,-5869555.203331,3259875.544836,107305.119350,4992770.379827,-2150057.075749,3365551.190562,-2527604.403102,-421859.383664,-3045144.808664,-934743.590463,3158121.899377,28048.684214,676539.720309,1850629.638639,-6384134.906089,4856916.747760,-1019216.663511,-785470.884834,1902914.842461,-1014057.234125,-1685708.286044,-1585191.014492,7820251.677967,-3895953.826799,-4239238.796678,3311763.182699,2847011.155504,-4695645.727184,1086230.477540,1314246.059161,149491.280993,-1132542.863094,968668.887073,-2110969.278739,4183126.626448,-4886897.194299,3798666.655973,-3203965.755605,3230616.224417,-2492785.316478,2278848.345547,-2438460.397566,1395108.599456,-684568.739865,1313600.370116,-1809275.134544,1483730.557337,-818347.838918,282887.971652,-44403.548675
2180602.978903,-5689948.839080,-1394815.426653,3116519.217230,-4890263.877224,5928865.274509,10718885.139082,-6780173.212909,-8845903.727211,8398144.833617,1582497.266568,3339972.484950,-10206326.571437,1196026.996947,1512485.564542,-3173395.217846,-1746778.861950,-2834126.117286,1079478.156986,11264939.697410,647106.176547,46209.302552,-6236785.104776,-878290.378240,2782343.278258,1192362.676641,-1734029.033956,3034617.969089,-8703470.847252,9439766.388682,-4090747.824300,-7823737.316499,4327589.848744,167183.770838,6723282.852327,-2893128.772666,4607104.822463,-3436061.419227,-706934.134116,-4078725.146933,-1226456.614855,4317894.353153,20424.027608,902454.506404,2504815.580451,-8670091.140284,6617545.454064,-1380151.202269,-1170307.643327,2814707.211075,-1590969.059892,-2297501.036797,-1985079.206871,10570727.138917,-5426844.521178,-5613687.846065,4447814.908629,3845811.135133,-6305616.973740,1396414.810314,1810079.132294,217631.248622,-1546681.759432,1315153.721372,-2877298.385921,5718653.395443,-6694617.360576,5205463.702518,-4358195.280745,4346739.896397,-3323588.794726,3054050.009169,-3318807.454654,1944367.619111,-958794.265851,1757137.111601,-2440251.192117,2047609.956147,-1149141.336299,398358.036623,-62114.628171
3606731.938918,-8391364.606258,-2200896.079538,4439240.112461,-6978136.114034,8331145.532865,15746467.449568,-10012942.494470,-12769133.045474,12225902.395715,2157249.721064,4987008.529068,-15148348.478812,2070176.889667,2125806.075688,-4393327.245953,-2624151.499922,-4205138.660250,1607704.943636,16359604.935899,990229.746102,116715.236566,-9311953.076585,-1041035.236469,3715246.615467,1961185.885564,-2249136.796628,4237368.750740,-13119468.605048,13962019.419624,-5918653.080115,-11100173.762831,6098161.930998,304122.156991,9710514.085720,-4175529.947628,6866037.755094,-5037256.471884,-1374788.978915,-5845795.673528,-1701863.194332,6405819.358858,-59534.068350,1346903.518412,3657491.780022,-12739626.710666,9743516.242425,-1997524.161857,-1960847.347158,4691772.674064,-2880086.151545,-3388180.459184,-2492183.224526,15424224.744628,-8349799.606042,-7868965.740464,6406124.240287,5608662.225165,-9110322.070113,1887132.191878,2696555.499561,367826.815154,-2297140.089216,1937644.115082,-4265484.829775,8508831.707581,-9988738.041470,7765525.192293,-6417275.896241,6278052.620215,-4713337.172681,4354514.395052,-4852659.029983,2948481.594310,-1455485.299747,2482980.914264,-3537824.097228,3124588.907885,-1814989.545409,630216.772896,-96408.858088
